,name,cost,competitive rate,code,date
0,시몬느액세서리컬렉션,-,,  381920, 
1,리파인,-,,  377450, 
2,아이패밀리에스씨,-,,  114840,  2021.10.28
3,차백신연구소,-,,  261780, 
4,비트나인,-,,  357880, 
5,지아이텍,-,,  382480, 
6,지오엘리먼트,-,,  311320, 
7,카카오페이,-,,  377300,  2021.10.14
8,NH스팩21호,-,,  391710, 
9,케이카,-,,  381970, 
10,씨유테크,-,,  376290, 
11,원준,-,,  382840, 
12,하나금융스팩19호,-,,  388220, 
13,아스플로,-,,  159010, 
14,NH스팩20호,"2,000",,  391060, 
15,에스앤디,"28,000",4.20:1,  260970,  2021.09.29
16,실리콘투,"27,200",1701:1,  257720,  2021.09.29
17,프롬바이오,"18,000",48.24:1,  377220,  2021.09.28
18,신한스팩8호,"2,000",361.39:1,  393360,  2021.09.27
19,바이오플러스,"31,500",1206.63:1,  099430,  2021.09.27
20,현대중공업,"60,000",404.29:1,  329180,  2021.09.17
21,대신밸런스스팩10호,"2,000",207.57:1,  387310,  2021.09.17
22,유진스팩7호,"2,000",3921.38:1,  388800,  2021.09.13
23,와이엠텍,"28,000",2939.57:1,  273640,  2021.09.10
24,에이비온,"17,000",30.66:1,  203400,  2021.09.08
25,SK리츠,"5,000",552:1,  395400,  2021.09.14
26,일진하이솔루스,"34,300",654.5:1,  271940,  2021.09.01
27,IBKS스팩16호,"2,000",388.37:1,  388790,  2021.09.03
28,바이젠셀,"52,700",886.2:1,  308080,  2021.08.25
29,브레인즈컴퍼니,"25,000",1190.39:1,  099390,  2021.08.19
30,아주스틸,"15,100",1419.73:1,  139990,  2021.08.20
31,롯데렌탈,"59,000",65.81:1,  089862,  2021.08.19
32,딥노이드,"42,000",834.86:1,  315640,  2021.08.17
33,한컴라이프케어,"13,700",109.8:1,  372910,  2021.08.17
34,디앤디플랫폼리츠,"5,000",36.43:1,  377190,  2021.08.27
35,플래티어,"11,000",2498.8:1,  367000,  2021.08.12
36,엠로,"22,600",250:1,  058970,  2021.08.13
37,크래프톤,"498,000",7.79:1,  259960,  2021.08.10
38,원티드랩,"35,000",1731.23:1,  376980,  2021.08.11
39,에이치케이이노엔,"59,000",388.9:1,  195940,  2021.08.09
40,카카오뱅크,"39,000",181.1:1,  323410,  2021.08.06
41,한화플러스스팩2호,"2,000",481.19:1,  386580,  2021.08.05
42,에브리봇,"36,700",159.42:1,  270660,  2021.07.28
43,맥스트,"15,000",6762.75:1,  377030,  2021.07.27
44,큐라클,"25,000",1546.9:1,  365270,  2021.07.22
45,에스디바이오센서,"52,000",274.02:1,  137310,  2021.07.16
46,오비고,"14,300",1485.15:1,  352910,  2021.07.13
47,아모센스,"12,400",26.55:1,  357580,  2021.06.25
48,이노뎁,"18,000",692.12:1,  303530,  2021.06.18
49,삼성머스트스팩5호,"2,000",908.55:1,  380320,  2021.06.17
50,라온테크,"18,000",779.10:1,  232680,  2021.06.17
51,엘비루셈,"14,000",824.51:1,  376190,  2021.06.11
52,에이디엠코리아,"3,800",2345.4:1,  187660,  2021.06.03
53,제주맥주,"3,200",1747.82:1,  276730,  2021.05.26
54,진시스템,"20,000",354.58:1,  363250,  2021.05.26
55,삼영에스앤씨,"11,000",2392.84:1,  361670,  2021.05.21
56,삼성스팩4호,"2,000",78.63:1,  377630,  2021.05.21
57,NH스팩19호,"2,000",21.64:1,  380440,  2021.05.21
58,샘씨엔에스,"6,500",1104.29:1,  252990,  2021.05.20
59,씨앤씨인터내셔널,"47,500",898:1,  352480,  2021.05.17
60,에이치피오,"22,200",95.01:1,  357230,  2021.05.14
61,하이스팩6호,"2,000",7.63:1,  377400,  2021.05.10
62,SK아이이테크놀로지,"105,000",288.17:1,  361610,  2021.05.11
63,쿠콘,"45,000",1596.32:1,  294570,  2021.04.28
64,해성티피씨,"13,000",2053.27:1,  059270,  2021.04.21
65,이삭엔지니어링,"11,500",2262.09:1,  351330,  2021.04.21
66,유진스팩6호,"2,000",236.23:1,  373340,  2021.04.08
67,유안타스팩8호,"2,000",84.91:1,  367480,  2021.04.05
68,엔시스,"19,000",2573.60:1,  333620,  2021.04.01
69,자이언트스텝,"11,000",2342:1,  289220,  2021.03.24
70,제노코,"36,000",2095.45:1,  361390,  2021.03.24
71,라이프시맨틱스,"12,500",1774.57:1,  347700,  2021.03.23
72,SK바이오사이언스,"65,000",335.36:1,  302440,  2021.03.18
73,바이오다인,"30,000",48.36:1,  314930,  2021.03.17
74,디비금융스팩9호,"2,000",8.56:1,  367360,  2021.03.16
75,네오이뮨텍,"7,500",664.65:1,  950220,  2021.03.16
76,프레스티지바이오로직스,"12,400",126.06:1,  334970,  2021.03.11
77,싸이버원,"9,500",1880.43:1,  356890,  2021.03.11
78,나노씨엠에스,"20,000",1243.48:1,  247660,  2021.03.09
79,하나머스트스팩7호,"2,000",237.46:1,  372290,  2021.03.05
80,IBKS스팩15호,"2,000",101.73:1,  373200,  2021.02.26
81,뷰노,"21,000",1102.7:1,  338220,  2021.02.26
82,씨이랩,"35,000",195.53:1,  189330,  2021.02.24
83,유일에너테크,"16,000",683.55:1,  340930,  2021.02.25
84,오로스테크놀로지,"21,000",1033.82:1,  322310,  2021.02.24
85,피엔에이치테크,"18,000",1528.76:1,  239890,  2021.02.16
86,하나금융스팩17호,"2,000",168.68:1,  363260,  2021.02.10
87,아이퀘스트,"11,000",2853.34:1,  262840,  2021.02.05
88,프레스티지바이오파마,"32,000",237.13:1,  950210,  2021.02.05
89,와이더플래닛,"16,000",1357.98:1,  321820,  2021.02.03
90,레인보우로보틱스,"10,000",1201.26:1,  277810,  2021.02.03
91,신한스팩7호,"2,000",7.45:1,  366330,  2021.02.04
92,솔루엠,"17,000",1147.76:1,  248070,  2021.02.02
93,핑거,"16,000",939.39:1,  163730,  2021.01.29
94,씨앤투스성진,"32,000",674.04:1,  352700,  2021.01.28
95,모비릭스,"14,000",1485.51:1,  348030,  2021.01.28
96,선진뷰티사이언스,"11,500",1987.74:1,  086710,  2021.01.27
97,엔비티,"19,000",4397.67:1,  236810,  2021.01.21
98,한국스팩9호,"2,000",46.54:1,  368770,  2021.01.21
99,유안타스팩7호,"2,000",0.22:1,  367460,  2020.12.28
100,석경에이티,"10,000",1751.58:1,  357550,  2020.12.23
101,지놈앤컴퍼니,"40,000",1175.10:1,  314130,  2020.12.23
102,프리시젼바이오,"12,500",1557.29:1,  335810,  2020.12.22
103,대신밸런스스팩9호,"2,000",5.31:1,  369370,  2020.12.23
104,엔에이치스팩18호,"2,000",6.81:1,  365590,  2020.12.21
105,알체라,"10,000",1322.58:1,  347860,  2020.12.21
106,에프앤가이드,"7,000",1353.9:1,  064850,  2020.12.17
107,에이치엠씨아이비스팩5호,"2,000",0.64:1,  353060,  2020.12.16
108,이에스알켄달스퀘어리츠,"5,000",3.59:1,  365550,  2020.12.23
109,티엘비,"38,000",1551.19:1,  356860,  2020.12.14
110,인바이오,"5,800",1414.15:1,  352940,  2020.12.11
111,엔젠바이오,"14,000",1502.4:1,  354200,  2020.12.10
112,퀀타매트릭스,"25,500",167.87:1,  317690,  2020.12.09
113,디비금융스팩8호,"2,000",0.71:1,  367340,  2020.12.09
114,명신산업,"6,500",1372.94:1,  009900,  2020.12.07
115,엔에프씨,"13,400",643.85:1,  265740,  2020.12.02
116,앱코,"24,300",978.13:1,  129890,  2020.12.02
117,포인트모바일,"15,000",1842.97:1,  318020,  2020.12.03
118,클리노믹스,"13,900",341.46:1,  352770,  2020.12.04
119,제일전기공업,"17,000",1396.1:1,  199820,  2020.11.26
120,하나기술,"35,000",1802.10:1,  299030,  2020.11.25
121,티앤엘,"36,000",1109.19:1,  340570,  2020.11.20
122,에이플러스에셋어드바이저,"7,500",24.75:1,  244920,  2020.11.20
123,네패스아크,"26,500",830.21:1,  330860,  2020.11.17
124,고바이오랩,"15,000",566.54:1,  348150,  2020.11.18
125,교촌에프앤비,"12,300",1318.29:1,  339770,  2020.11.12
126,소룩스,"10,000",1660.08:1,  290690,  2020.11.06
127,위드텍,"25,000",1185.51:1,  348350,  2020.10.30
128,센코,"13,000",366.42:1,  347000,  2020.10.29
129,바이브컴퍼니,"28,000",1266.22:1,  301300,  2020.10.28
130,미코바이오메드,"15,000",41.74:1,  214610,  2020.10.22
131,피플바이오,"20,000",51.08:1,  304840,  2020.10.19
132,하이브(구.빅히트),"135,000",606.97:1,  352820,  2020.10.15
133,넥스틴,"75,400",13.92:1,  348210,  2020.10.08
134,원방테크,"54,300",348.77:1,  053080,  2020.09.24
135,엔에이치스팩17호,"2,000",0.59:1,  359090,  2020.09.23
136,비나텍,"33,000",1386.85:1,  126340,  2020.09.23
137,박셀바이오,"30,000",96.44:1,  323990,  2020.09.22
138,비비씨,"30,700",464.19:1,  318410,  2020.09.21
139,핌스,"19,000",1161.84:1,  347770,  2020.09.18
140,교보스팩10호,"2,000",0.17:1,  355150,  2020.09.18
141,압타머사이언스,"25,000",1251.29:1,  291650,  2020.09.16
142,이오플로우,"19,000",686.71:1,  294090,  2020.09.14
143,카카오게임즈,"24,000",1524.8:1,  293490,  2020.09.10
144,피엔케이피부임상연구센타,"18,300","1,727.11:1",  347740,  2020.09.09
145,미래에셋대우스팩5호,"2,000",5.78:1,  353490,  2020.08.28
146,아이디피,"9,800",1149.83:1,  332370,  2020.08.24
147,셀레믹스,"20,000",1176.45:1,  331920,  2020.08.21
148,미투젠,"27,000",1010.86:1,  950190,  2020.08.18
149,코람코에너지플러스리츠,"5,000",1.54:1,  357120,  2020.08.31
150,브랜드엑스코퍼레이션,"13,000",8.54:1,  337930,  2020.08.13
151,영림원소프트랩,"11,500",2493.57:1,  060850,  2020.08.12
152,한국파마,"9,000",2036:1,  032300,  2020.08.10
153,이루다,"9,000",3039.55:1,  164060,  2020.08.06
154,제이알글로벌리츠,"5,000",0.23:1,  348950,  2020.08.07
155,이엔드디,"14,400",808.62:1,  101360,  2020.07.30
156,와이팜,"11,000",712.13:1,  332570,  2020.07.31
157,에이치엠씨아이비스팩4호,"2,000",0.68:1,  353070,  2020.07.29
158,엠투아이,"15,600",176.83:1,  347890,  2020.07.29
159,더네이쳐홀딩스,"46,000",151.9:1,  298540,  2020.07.27
160,하나금융스팩16호,"2,000",5.51:1,  343510,  2020.07.23
161,제놀루션,"14,000",894.67:1,  225220,  2020.07.24
162,솔트룩스,"25,000",953.53:1,  304100,  2020.07.23
163,티에스아이,"10,000",1621.1:1,  277880,  2020.07.22
164,미래에셋맵스리츠1호,"5,000",9:1,  357250,  2020.08.05
165,에이프로,"21,600",1582.52:1,  262260,  2020.07.16
166,IBKS스팩13호,"2,000",11.01:1,  351340,  2020.07.15
167,이지스레지던스리츠,"5,000",2.6:1,  350520,  2020.08.05
168,소마젠,"11,000",4.42:1,  950200,  2020.07.13
169,위더스제약,"15,900",1082.03:1,  330350,  2020.07.03
170,신도기연,"16,000",955.01:1,  290520,  2020.07.06
171,SK바이오팜,"49,000",323.03:1,  326030,  2020.07.02
172,마크로밀엠브레인,"6,800",888.01:1,  169330,  2020.07.01
173,이지스밸류플러스리츠,"5,000",26.86:1,  334890,  2020.07.16
174,젠큐릭스,"22,700",12.35:1,  229000,  2020.06.25
175,IBKS스팩14호,"2,000",2.06:1,  351320,  2020.06.22
176,엘이티,"7,800",1552.16:1,  297890,  2020.06.22
177,에스씨엠생명과학,"17,000",814.91:1,  298060,  2020.06.17
178,엔에이치스팩16호,"2,000",0.78:1,  353190,  2020.06.17
179,드림씨아이에스,"14,900",669.22:1,  223250,  2020.05.22
180,이베스트스팩5호,"2,000",0.21:1,  349720,  2020.05.20
181,케이프이에스스팩4호,"2,000",8.71:1,  347140,  2020.03.24
182,엔피디,"5,400",32.65:1,  198080,  2020.03.16
183,플레이디,"8,500",864.80:1,  237820,  2020.03.12
184,에스케이스팩6호,"2,000",0.36:1,  340350,  2020.03.11
185,서울바이오시스,"7,500",942.70:1,  092190,  2020.03.06
186,제이앤티씨,"11,000",3.48:1,  204270,  2020.03.04
187,켄코아에어로스페이스,"10,000",256.68:1,  274090,  2020.03.03
188,레몬,"7,200",800.07:1,  294140,  2020.02.28
189,서남,"3,100",881.6:1,  294630,  2020.02.20
190,신영스팩6호,"2,000",2.08:1,  344050,  2020.02.12
191,위세아이텍,"12,000",1076.62:1,  065370,  2020.02.10
192,하나금융스팩15호,"2,000",6.92:1,  341160,  2020.01.30
193,케이비스팩20호,"2,000",1.19:1,  342550,  2020.01.30
194,천랩,"40,000",638.63:1,  311690,  2019.12.26
195,피피아이,"7,000",1147.7:1,  062970,  2019.12.26
196,한화플러스스팩1호,"2,000",9.00:1,  340440,  2019.12.27
197,브릿지바이오테라퓨틱스,"60,000",33.52:1,  288330,  2019.12.20
198,엔에이치스팩15호,"2,000",1.43:1,  339950,  2019.12.24
199,메탈라이프,"13,000",1397.97:1,  327260,  2019.12.24
200,하이스팩5호,"2,000",0.37:1,  340120,  2019.12.23
201,메드팩토,"40,000",18.84:1,  235980,  2019.12.19
202,신테카바이오,"12,000",123.20:1,  226330,  2019.12.17
203,대신밸런스스팩8호,"2,000",0.67:1,  336570,  2019.12.19
204,유안타스팩6호,"2,000",0.37:1,  340360,  2019.12.19
205,제이엘케이인스펙션,"9,000",8.49:1,  322510,  2019.12.11
206,IBKS스팩12호,"2,000",76.16:1,  335870,  2019.12.09
207,태웅로직스,"4,500",618.52:1,  124560,  2019.12.10
208,에스케이스팩5호,"2,000",0.37:1,  337450,  2019.12.05
209,리메드,"13,000",92.69:1,  302550,  2019.12.06
210,코리아센터,"18,000",4.13:1,  290510,  2019.11.29
211,IBKS스팩11호,"2,000",6.97:1,  335890,  2019.12.03
212,유안타스팩5호,"2,000",0.2:1,  336060,  2019.11.28
213,엔에이치프라임리츠,"5,000",317.62:1,  338100,  2019.12.05
214,노터스,"20,000",22.31:1,  278650,  2019.11.27
215,센트랄모텍,"6,000",580.5:1,  308170,  2019.11.25
216,티움바이오,"12,000",5.30:1,  321550,  2019.11.22
217,코리아에셋투자증권,"10,000",231.78,  190650,  2019.11.20
218,씨에스베어링,"8,400",699.67:1,  297090,  2019.11.21
219,우양,"4,200",1037.31,  103840,  2019.11.20
220,에스제이그룹,"38,600",512.93:1,  306040,  2019.11.18
221,현대에너지솔루션,"18,000",126.68:1,  322000,  2019.11.19
222,제테마,"21,000",590.02:1,  216080,  2019.11.14
223,한화시스템,"12,250",16.84:1,  272210,  2019.11.13
224,라파스,"20,000",813.16:1,  214260,  2019.11.11
225,아이티엠반도체,"26,000",321.09:1,  084850,  2019.11.07
226,자이에스앤디,"5,200",665.41:1,  317400,  2019.11.06
227,미래에셋대우스팩4호,"2,000",30.10:1,  333430,  2019.11.06
228,하나금융스팩14호,"2,000",80.74:1,  332710,  2019.11.01
229,티라유텍,"12,050",1164.16:1,  322180,  2019.10.31
230,미디어젠,"10,600",573.16:1,  279600,  2019.11.05
231,신한스팩6호,"2,000",83.89:1,  333050,  2019.10.31
232,캐리소프트,"9,000",1067.00:1,  317530,  2019.10.29
233,지누스,"70,000",0.63:1,  013890,  2019.10.30
234,케이엔제이,"11,000",1104.68:1,  272110,  2019.10.25
235,교보스팩9호,"2,000",134.98:1,  331520,  2019.10.29
236,엔바이오니아,"8,200",910.32:1,  317870,  2019.10.24
237,팜스빌,"14,000",674.04:1,  318010,  2019.10.22
238,라온피플,"14,000",2.07:1,  300120,  2019.10.18
239,롯데리츠,"5,000",63.28:1,  330590,  2019.10.30
240,아톤,"43,000",653.96:1,  158430,  2019.10.17
241,녹십자웰빙,"11,300",657.66:1,  234690,  2019.10.14
242,대신밸런스스팩7호,"2,000",39.52:1,  332290,  2019.10.11
243,유진스팩5호,"2,000",268.73:1,  331380,  2019.10.02
244,케이비스팩19호,"2,000",177.51:1,  330990,  2019.09.30
245,올리패스,"20,000",419.4:1,  244460,  2019.09.20
246,라닉스,"6,000",770.88:1,  317120,  2019.09.18
247,하나금융스팩13호,"2,000",254.81:1,  320000,  2019.09.18
248,한독크린텍,"15,100",728.28:1,  256150,  2019.09.05
249,상상인이안스팩2호,"2,000",265:1,  329560,  2019.08.30
250,네오크레마,"8,000",1.59:1,  311390,  2019.08.22
251,미래에셋대우스팩3호,"2,000",508:1,  328380,  2019.08.20
252,마니커에프앤지,"4,000",1216.48:1,  195500,  2019.08.20
253,나노브릭,"16,000",2.58:1,  286750,  2019.08.19
254,에스피시스템스,"4,900",786.16:1,  317830,  2019.08.14
255,레이,"20,000",779.56:1,  228670,  2019.08.08
256,코윈테크,"34,500",0.48:1,  282880,  2019.08.05
257,그린플러스,"10,000",700.96:1,  186230,  2019.08.07
258,슈프리마아이디,"27,000",707.26:1,  317770,  2019.08.01
259,덕산테코피아,"19,000",1.96:1,  317330,  2019.08.02
260,한국바이오젠,"6,000",1019.62:1,  318000,  2019.08.01
261,세경하이테크,"35,000",1.20:1,  148150,  2019.07.30
262,윌링스,"12,500",532.83:1,  313760,  2019.07.25
263,대모(구.대모엔지니어링),"5,200",1268.53:1,  317850,  2019.07.24
264,에이스토리,"14,300",131.51:1,  241840,  2019.07.19
265,플리토,"26,000",710.71:1,  300080,  2019.07.17
266,세틀뱅크,"55,000",309.6:1,  234340,  2019.07.12
267,이베스트이안스팩1호,"2,000",1431.05:1,  323210,  2019.07.15
268,아이스크림에듀,"15,900",5.70:1,  289010,  2019.07.11
269,펌텍코리아,"190,000",0.51:1,  251970,  2019.07.04
270,에이에프더블류,"22,500",552.22:1,  312610,  2019.07.01
271,신영스팩5호,"2,000",596.8:1,  323280,  2019.06.24
272,케이비스팩18호,"2,000",279.11:1,  323940,  2019.06.24
273,신한스팩5호,"2,000",654:1,  323230,  2019.06.19
274,압타바이오,"30,000",663.03:1,  293780,  2019.06.12
275,까스텔바쟉,"12,000",3.4:1,  308100,  2019.06.10
276,마이크로디지탈,"23,000",1116.34:1,  305090,  2019.06.05
277,디비금융스팩7호,"2,000",269:1,  322780,  2019.05.31
278,유진스팩4호,"2,000",300.40:1,  321260,  2019.05.31
279,수젠텍,"12,000",1.48:1,  253840,  2019.05.28
280,컴퍼니케이파트너스,"4,500",850.46:1,  307930,  2019.05.23
281,엔에이치스팩14호,"2,000",51.89:1,  319400,  2019.05.08
282,에스앤케이,"40,400",185.17:1,  950180,  2019.05.07
283,한화에스비아이스팩,"2,000",6.66:1,  317320,  2019.05.03
284,하이스팩4호,"2,000",1.89:1,  317240,  2019.04.29
285,아모그린텍,"9,900",22.13:1,  125210,  2019.03.29
286,현대오토에버,"48,000",345.24:1,  307950,  2019.03.28
287,지노믹트리,"27,000",13.10:1,  228760,  2019.03.27
288,케이비스팩17호,"2,000",1.49:1,  317030,  2019.03.27
289,이지케어텍,"12,300",1272.11:1,  099750,  2019.03.22
290,유안타스팩4호,"2,000",1.81:1,  313750,  2019.03.21
291,미래에셋벤처투자,"4,500",1021.77:1,  100790,  2019.03.15
292,드림텍,"13,000",562.7:1,  192650,  2019.03.14
293,에코프로비엠,"48,000",273.78:1,  247540,  2019.03.05
294,셀리드,"33,000",818.83:1,  299660,  2019.02.20
295,천보,"40,000",426.09:1,  278280,  2019.02.11
296,이노테라피,"18,000",463.37:1,  246960,  2019.02.01
297,노랑풍선,"20,000",1025.2:1,  104620,  2019.01.30
298,웹케시,"26,000",947:13.1,  053580,  2019.01.25
299,에어부산,"3,600",36.5:1,  298690,  2018.12.27
300,비피도,"18,000",159.97:1,  238200,  2018.12.26
301,키움스팩5호,"2,000",2.04:1,  311270,  2018.12.26
302,엔에이치스팩13호,"2,000",39.57:1,  310840,  2018.12.24
303,유틸렉스,"50,000",322.96:1,  263050,  2018.12.24
304,미래에셋대우스팩2호,"2,000",67.95:1,  310200,  2018.12.21
305,디케이티,"7,400",780.32:1,  290550,  2018.12.21
306,위지윅스튜디오,"11,000",6.84:1,  299900,  2018.12.20
307,신영스팩4호,"2,000",2.09:1,  307180,  2018.12.21
308,에이비엘바이오,"15,000",0.78:1,  298380,  2018.12.19
309,대신밸런스스팩6호,"2,000",4.37:1,  307750,  2018.12.19
310,한국스팩8호,"2,000",22.02:1,  310870,  2018.12.20
311,삼성머스트스팩3호,"2,000",4.16:1,  309930,  2018.12.20
312,머큐리,"6,100",930.39:1,  100590,  2018.12.14
313,전진바이오팜,"10,000",24.80:1,  110020,  2018.12.14
314,이노메트리,"26,000",791.16:1,  302430,  2018.12.12
315,뉴트리,"14,500",0.19:1,  270870,  2018.12.13
316,골든브릿지이안스팩5호,"2,000",0.57:1,  307870,  2018.12.12
317,대유에이피,"3,000",11.12:1,  290120,  2018.12.07
318,에스케이에이씨피씨스팩4호,"2,000",2.65:1,  307070,  2018.12.07
319,교보스팩8호,"2,000",48.97:1,  307280,  2018.12.05
320,윙입푸드,"2,000",0.71:1,  900340,  2018.11.30
321,하나머스트스팩6호,"2,000",69.81:1,  307160,  2018.11.30
322,베스파,"35,000",3.30:1,  299910,  2018.12.03
323,에코캡,"4,200",0.35:1,  128540,  2018.12.05
324,엠아이텍,"4,500",883.39:1,  179290,  2018.11.29
325,네오펙트,"11,000",400.8:1,  290660,  2018.11.28
326,티로보틱스,"16,000",177.86:1,  117730,  2018.11.29
327,남화산업,"3,700",858.4:1,  111710,  2018.11.29
328,티앤알바이오팹,"18,000",500.35:1,  246710,  2018.11.28
329,아시아나IDT,"15,000",1.21:1,  267850,  2018.11.23
330,아주IB투자,"1,500",63.76:1,  027360,  2018.11.21
331,싸이토젠,"17,000",705.49:1,  217330,  2018.11.22
332,디알젬,"6,500",832.96:1,  263690,  2018.11.22
333,파멥신,"60,000",322.78:1,  208340,  2018.11.21
334,디자인,"10,100",665.04:1,  227100,  2018.11.15
335,디케이앤디,"6,000",975.69:1,  263020,  2018.11.20
336,노바렉스,"19,000",631.42:1,  194700,  2018.11.14
337,셀리버리,"25,000",808.45:1,  268600,  2018.11.09
338,대보마그네틱,"31,000",837.58:1,  290670,  2018.11.06
339,엘앤씨바이오,"24,000",985.59:1,  290650,  2018.11.01
340,노바텍,"10,000",326.67:1,  285490,  2018.11.02
341,디비금융스팩6호,"2,000",42.15:1,  306620,  2018.10.31
342,로보티즈,"14,000",1043.92:1,  108490,  2018.10.26
343,옵티팜,"10,000",463.49:1,  153710,  2018.10.26
344,에스퓨얼셀,"16,500",857.78:1,  288620,  2018.10.15
345,푸드나무,"24,000",914.05:1,  290720,  2018.10.04
346,크리스에프앤씨,"30,000",0.53:1,  110790,  2018.10.01
347,나우아이비캐피탈,"8,500",64.89:1,  293580,  2018.10.04
348,하나제약,"26,000",147.5:1,  293480,  2018.10.02
349,IBKS스팩10호,"2,000",200.32:1,  299170,  2018.09.21
350,지티지웰니스,"11,000",514.16:1,  219750,  2018.09.21
351,우진아이엔에스,"15,000",11.17:1,  010400,  2018.09.14
352,명성티엔에스,"20,000",804.79:1,  257370,  2018.09.13
353,삼성스팩2호,"2,000",20.65:1,  291230,  2018.09.13
354,디지캡,"12,000",931.79:1,  197140,  2018.09.07
355,대신밸런스스팩5호,"2,000",93.50:1,  303030,  2018.08.30
356,액트로,"20,000",545.42:1,  290740,  2018.08.28
357,에이피티씨,"9,000",22.69:1,  089970,  2018.08.23
358,오파스넷,"11,000",1401.36:1,  173130,  2018.08.24
359,바이오솔루션,"29,000",302.62:1,  086820,  2018.08.20
360,대유,"9,000",11.65:1,  290380,  2018.08.10
361,에스에스알,"9,000",1231.66:1,  275630,  2018.08.06
362,디아이티,"10,000",11.10:1,  110990,  2018.08.07
363,휴네시온,"10,000",827.74:1,  290270,  2018.08.02
364,신한알파리츠,"5,000",4.32:1,  293940,  2018.08.08
365,티웨이항공,"12,000",1.15:1,  091810,  2018.08.01
366,한국유니온제약,"18,000",1015.13:1,  080720,  2018.07.26
367,롯데정보통신,"29,800",34.22:1,  286940,  2018.07.27
368,엠코르셋,"11,500",51.47:1,  204020,  2018.07.23
369,IBKS스팩9호,"2,000",,  297570,  2018.07.20
370,올릭스,"36,000",847.09:1,  226950,  2018.07.18
371,아이큐어,"65,000",331.42:1,  175250,  2018.07.12
372,에스브이인베스트먼트,"7,000",974.23:1,  289080,  2018.07.06
373,이원다이애그노믹스,"6,500",810.33:1,  245620,  2018.06.26
374,이리츠코크렙기업,"5,000",0.45:1,  088260,  2018.06.27
375,파워넷,"6,500",1144:1,  037030,  2018.06.07
376,하나금융스팩11호,"2,000",0.36:1,  284620,  2018.06.08
377,현대사료,"6,600",1690:1,  016790,  2018.06.01
378,세종메디칼,"15,000",922.71:1,  258830,  2018.05.29
379,제노레이,"23,000",1028.72:1,  122310,  2018.05.28
380,한국스팩7호,"2,000",0.16:1,  291210,  2018.05.11
381,유안타스팩3호,"2,000",0.13:1,  287410,  2018.05.08
382,제이티씨(JTC),"8,500",465.63:1,  950170,  2018.04.06
383,대신밸런스스팩3호,"2,000",0.15:1,  253590,  2018.04.04
384,케어랩스,"20,000",886.14:1,  263700,  2018.03.28
385,애경산업,"29,100",6.73:1,  018250,  2018.03.22
386,린드먼아시아인베스트먼트,"6,500",1039.51:1,  277070,  2018.03.14
387,에코마이스터,"5,200",213.78:1,  064510,  2018.03.15
388,엔지켐생명과학,"56,000",342.31:1,  183490,  2018.02.21
389,오스테오닉,"7,700",998.83:1,  226400,  2018.02.22
390,동구바이오제약,"16,000",836.67:1,  006620,  2018.02.13
391,알리코제약,"12,000",697.30:1,  260660,  2018.02.12
392,아시아종묘,"4,500",243.2:1,  154030,  2018.02.12
393,카페24,"57,000",731.58:1,  042000,  2018.02.08
394,링크제니시스,"30,000",1184.36:1,  219420,  2018.02.05
395,배럴,"9,500",369.78:1,  267790,  2018.02.01
396,에스지이,"6,000",0.44:1,  255220,  2018.01.26
397,씨앤지하이테크,"16,000",625.64:1,  264660,  2018.01.25
398,시스웍,"2,800",830.31:1,  269620,  2017.12.26
399,한국스팩6호,"2,000",0.05:1,  281410,  2017.12.21
400,디바이스이엔지,"12,000",2.38:1,  187870,  2017.12.20
401,동부스팩5호,"2,000",0.12:1,  281740,  2017.12.12
402,진에어,"31,800",134.05:1,  272450,  2017.12.08
403,동양피스톤,"5,700",20.36:1,  092780,  2017.12.08
404,메카로,"33,000",664.69:1,  241770,  2017.12.06
405,씨티케이코스메틱스,"55,000",145.75:1,  260930,  2017.12.07
406,대원,"15,000",460.24:1,  007680,  2017.12.01
407,에스트래픽,"10,000",1128.18:1,  234300,  2017.12.05
408,체리부로,"4,700",616.60:1,  066360,  2017.12.04
409,비즈니스온커뮤니케이션,"9,000",1075.91:1,  138580,  2017.11.30
410,삼양패키징,"26,000",2.74:1,  272550,  2017.11.29
411,한화에이스스팩4호,"2,000",0.73:1,  279410,  2017.11.27
412,스튜디오드래곤,"35,000",320.11:1,  253450,  2017.11.24
413,IBKS스팩7호,"2,000",79.91:1,  276920,  2017.11.10
414,비디아이,"10,000",1239.8:1,  148140,  2017.11.09
415,테이팩스,"23,000",2.05:1,  055490,  2017.10.31
416,티슈진,"27,000",299.53:1,  950160,  2017.11.06
417,영화테크,"12,500",1011.76:1,  265560,  2017.10.26
418,세원,"5,700",640.36:1,  234100,  2017.10.20
419,신한스팩4호,"2,000",8.74:1,  277480,  2017.10.20
420,상신전자,"13,300",1002.23:1,  263810,  2017.10.16
421,야스,"23,500",0.52:1,  255440,  2017.09.29
422,IBKS스팩8호,"2,000",29.90:1,  277410,  2017.09.29
423,에스엔피월드,"5,100",661.5:1,  263920,  2017.09.28
424,유티아이,"25,000",3.44:1,  179900,  2017.09.27
425,신흥에스이씨,"16,000",731.42:1,  243840,  2017.09.27
426,선익시스템,"37,000",0.73:1,  171090,  2017.09.20
427,엠플러스,"18,000","1,003.24:1",  259630,  2017.09.20
428,샘코,"11,000",207:1,  263540,  2017.09.15
429,앱클론,"10,000",799.09:1,  174900,  2017.09.18
430,펄어비스,"103,000",0.43:1,  263750,  2017.09.14
431,케이피에스,"14,000",452.96:1,  256940,  2017.09.06
432,덕우전자,"15,500",586.43:1,  263600,  2017.08.28
433,하나금융스팩10호,"2,000",2.43:1,  270520,  2017.08.22
434,이더블유케이,"5,000",1160.15:1,  258610,  2017.08.22
435,컬러레이,"3,800",0.73:1,  900310,  2017.08.10
436,알에스오토메이션,"6,000",1058.82:1,  140670,  2017.08.11
437,모트렉스,"38,300",422.73:1,  118990,  2017.08.04
438,엔에이치스팩12호,"2,000",0.43:1,  273060,  2017.08.07
439,지니언스,"13,500",922.71:1,  263860,  2017.08.02
440,데이타솔루션,"3,300",733.74:1,  263800,  2017.08.03
441,디앤씨미디어,"20,000",563.10:1,  263720,  2017.08.01
442,셀트리온헬스케어,"41,000",6.95:1,  091990,  2017.07.28
443,이즈미디어,"7,500",13.87:1,  181340,  2017.07.26
444,한국스팩5호,"2,000",6.66:1,  271740,  2017.07.24
445,힘스,"20,000",795.94:1,  238490,  2017.07.20
446,아우딘퓨쳐스,"26,000",2.99:1,  227610,  2017.07.12
447,브이원텍,"17,700",754.31:1,  251630,  2017.07.13
448,제일홀딩스,"20,700",20.67:1,  003380,  2017.06.30
449,하나금융스팩9호,"2,000",0.19:1,  261200,  2017.06.26
450,교보스팩7호,"2,000",0.17:1,  267320,  2017.06.22
451,한화수성스팩,"2,000",0.74:1,  265920,  2017.06.08
452,보라티알,"14,300",1026.34:1,  250000,  2017.06.08
453,필옵틱스,"48,000",588.96:1,  161580,  2017.06.01
454,삼양옵틱스,"16,700",2.88:1,  225190,  2017.06.02
455,IBKS스팩6호,"2,000",0.58:1,  264850,  2017.06.01
456,미래에셋대우스팩1호,"2,000",86.39:1,  265480,  2017.05.26
457,ING생명보험,"33,000",0.82:1,  079440,  2017.05.11
458,넷마블게임즈,"157,000",29.17:1,  251270,  2017.05.12
459,한화에이스스팩3호,"2,000",130.07:1,  264290,  2017.05.02
460,엔에이치스팩10호,"2,000",1.21:1,  256630,  2017.05.02
461,와이엠티,"21,000",841.57:1,  251370,  2017.04.27
462,하나머티리얼즈,"12,000",955.33:1,  166090,  2017.04.28
463,케이비스팩11호,"2,000",0.53:1,  258790,  2017.04.27
464,신영스팩3호,"2,000",61.90:1,  263770,  2017.04.06
465,이엘피,"20,000",738.15:1,  063760,  2017.04.06
466,서진시스템,"25,000",742.06:1,  178320,  2017.03.27
467,코미코,"13,000",745.44:1,  183300,  2017.03.23
468,아스타,"8,000",484.52:1,  246720,  2017.03.20
469,덴티움,"32,000",364.19:1,  145720,  2017.03.15
470,대신밸런스스팩4호,"2,000",0.03:1,  262830,  2017.03.03
471,에스디생명공학,"12,000",2.38:1,  217480,  2017.03.02
472,신신제약,"4,500",72.50:1,  002800,  2017.02.28
473,에프엔에스테크,"14,000",840.67:1,  083500,  2017.02.27
474,모바일어플라이언스,"3,500",636.77:1,  087260,  2017.02.24
475,신한스팩3호,"2,000",0.27:1,  257730,  2017.02.23
476,피씨엘,"8,000",2.01:1,  241820,  2017.02.23
477,호전실업,"25,000",331.3:1,  111110,  2017.02.02
478,서플러스글로벌,"8,000",548:1,  140070,  2017.01.25
479,유바이오로직스,"6,000",10.5:1,  206650,  2017.01.24
480,엔에이치스팩11호,"2,000",0.34:1,  256840,  2016.12.28
481,퓨전데이타,"11,500",572.56:1,  195440,  2016.12.21
482,디에스씨인베스트먼트,"1,700",10.77:1,  241520,  2016.12.19
483,티에스인베스트먼트,"1,300",2.02:1,  246690,  2016.12.15
484,마이크로프랜드,"7,300",1.17:1,  147760,  2016.12.12
485,코썬바이오,"7,000",5.78:1,  204990,  2016.12.09
486,애니젠,"18,000",812.5:1,  196300,  2016.12.07
487,신라젠,"15,000",172.52:1,  215600,  2016.12.06
488,유니온커뮤니티,"5,000",1.96:1,  203450,  2016.12.07
489,퓨쳐켐,"15,000",473.9:1,  220100,  2016.12.01
490,핸즈코퍼레이션,"12,000",6.99:1,  143210,  2016.12.02
491,IBKS스팩5호,"2,000",9.4:1,  254120,  2016.12.02
492,엘앤케이바이오,"15,000",317.14:1,  156100,  2016.11.30
493,뉴파워프라즈마,"17,500",521.29:1,  144960,  2016.11.30
494,오션브릿지,"6,600",1135.44:1,  241790,  2016.12.01
495,에이치엔티일렉트로닉스,"10,000",996.23:1,  176440,  2016.11.28
496,핸디소프트,"5,600",1170.44:1,  220180,  2016.11.24
497,두산밥캣,"30,000",0.29:1,  241560,  2016.11.18
498,에스케이스팩3호,"2,000",0.12:1,  232330,  2016.11.16
499,삼성바이오로직스,"136,000",45.34:1,  207940,  2016.11.10
500,클리오,"41,000",5.68:1,  237880,  2016.11.09
501,오가닉티코스메틱,"4,000",672.42:1,  900300,  2016.11.04
502,로고스바이오시스템스,"25,500",208.48:1,  238120,  2016.11.03
503,아이비케이에스지엠비스팩,"2,000",17.51:1,  252500,  2016.11.02
504,인크로스,"43,000",1047.5:1,  216050,  2016.10.31
505,에이치엘사이언스(구.건강사랑),"27,000",174:1,  239610,  2016.10.28
506,코스메카코리아,"54,000",391.4:1,  241710,  2016.10.28
507,제이더블유생명과학,"30,000",220.29:1,  234080,  2016.10.27
508,그레이트리치과기,"5,000",7.01:1,  900290,  2016.10.25
509,금세기차륜(골든센츄리),"3,500",345.4:1,  900280,  2016.10.19
510,인텔리안테크놀로지스,"19,000",744.63:1,  189300,  2016.10.18
511,에이치시티,"17,000",127.28:1,  072990,  2016.10.17
512,잉글우드랩,"6,000",350.46:1,  950140,  2016.10.14
513,앤디포스,"14,500",524.2:1,  238090,  2016.10.12
514,수산아이앤티(구.플러스기술),"11,500",12.97:1,  050960,  2016.10.11
515,미투온,"3,800",1.15:1,  201490,  2016.10.10
516,화승엔터프라이즈,"15,000",0.43:1,  241590,  2016.10.04
517,케이비스팩10호,"2,000",1.25:1,  250930,  2016.09.29
518,엘에스전선아시아,"8,000",2.98:1,  229640,  2016.09.22
519,유니테크노,"10,300",1003.29:1,  241690,  2016.09.20
520,모두투어리츠,"6,000",0.98:1,  204210,  2016.09.22
521,하나금융스팩8호,"2,000",0.74:1,  250060,  2016.09.08
522,교보비엔케이스팩,"2,000",0.38:1,  242040,  2016.09.08
523,자이글,"11,000",610.76:1,  234920,  2016.09.06
524,헝셩그룹,"3,600",0.77:1,  900270,  2016.08.18
525,에코마케팅,"35,000",1103:1,  230360,  2016.08.08
526,엔지스테크널러지,"10,000",562.94:1,  208860,  2016.07.28
527,팍스넷,"5,200",946.51:1,  038160,  2016.08.01
528,두올,"8,500",2.17:1,  016740,  2016.07.29
529,우리손에프앤지,"2,210",638.97:1,  073560,  2016.07.27
530,옵토팩,"5,900",371.21:1,  123010,  2016.07.20
531,장원테크,"17,500",854.49:1,  174880,  2016.07.15
532,대유위니아(구.위니아만도),"6,800",409.31:1,  071460,  2016.07.14
533,한국자산신탁,"10,300",6.65:1,  123890,  2016.07.13
534,바이오리더스,"15,000",1222.58:1,  142760,  2016.07.07
535,피앤씨테크,"10,200",679.77:1,  237750,  2016.07.04
536,로스웰,"3,200",328.18:1,  900260,  2016.06.30
537,녹십자랩셀,"18,500","799,76:1",  144510,  2016.06.23
538,해성디에스,"12,000",158.41:1,  195870,  2016.06.24
539,에스티팜,"29,000",236.85:1,  237690,  2016.06.23
540,한국스팩4호,"2,000",0.37:1,  240540,  2016.06.22
541,알엔투테크놀로지,"5,800","1,442.55:1",  148250,  2016.06.22
542,미래에셋스팩5호,"2,000",3.73:1,  239340,  2016.06.09
543,용평리조트,"7,000",291.1:1,  070960,  2016.05.27
544,해태제과식품,"15,100",264.9:1,  101530,  2016.05.11
545,레이언스,"25,000",328.14:1,  228850,  2016.04.11
546,씨엠에스에듀,"23,200",185.81:1,  225330,  2016.04.07
547,동양파일,"10,000",2.03:1,  228340,  2016.04.06
548,대림씨엔에스,"27,700",25.5:1,  004440,  2016.03.30
549,팬젠,"16,500",1073:1,  222110,  2016.03.11
550,에이피위성통신,"9,700",869.66:1,  211270,  2016.03.04
551,하이에이아이스팩1호,"2,000",1.16:1,  235010,  2016.03.08
552,IBKS스팩4호,"2,000",23.76:1,  230980,  2016.03.02
553,케이비스팩9호,"2,000",0.24:1,  232270,  2016.02.29
554,큐리언트,"21,000",959.28:1,  115180,  2016.02.29
555,안트로젠,"24,000",1442.55:1,  065660,  2016.02.15
556,제이에스코퍼레이션,"23,000",477.76:1,  194370,  2016.02.04
557,아이엠텍,"7,500",138.9:1,  226350,  2016.02.03
558,차이나크리스탈신소재,"3,000",179.54:1,  900250,  2016.01.28
559,유니트론텍,"14,000",1112.76:1,  142210,  2016.02.02
560,한솔씨앤피,"13,000",789.84:1,  221610,  2016.01.27
561,코리아오토글라스,"11,000",430.14:1,  344820,  2015.12.29
562,에스와이패널,"5,000",363.49:1,  109610,  2015.12.29
563,잇츠스킨,"170,000",219.27:1,  226320,  2015.12.28
564,육일씨엔에쓰,"6,000",21.02:1,  191410,  2015.12.24
565,휴젤,"150,000",91.63:1,  145020,  2015.12.24
566,코디엠,"4,700",599.99:1,  224060,  2015.12.29
567,대신밸런스스팩2호,"2,000",0.03:1,  232140,  2015.12.24
568,이에스브이,"10,000",558.9:1,  223310,  2015.12.24
569,한국맥널티,"8,000",479.79:1,  222980,  2015.12.23
570,아진산업,"6,500",0.47:1,  013310,  2015.12.22
571,덱스터,"14,000",500.76:1,  206560,  2015.12.22
572,메가엠디,"3,000",280.82:1,  133750,  2015.12.18
573,씨트리,"6,500",199.96:1,  047920,  2015.12.21
574,강스템바이오텍,"6,000",40.92:1,  217730,  2015.12.21
575,동부스팩4호,"2,000",0.7:1,  230490,  2015.12.18
576,파크시스템스,"9,000",7.55:1,  140860,  2015.12.17
577,보광산업,"4,000",172.98:1,  225530,  2015.12.17
578,예스티,"14,500",9.8:1,  122640,  2015.12.16
579,하나금융스팩7호,"2,000",0.86:1,  230240,  2015.12.16
580,뉴트리바이오텍,"21,000",2.38:1,  222040,  2015.12.16
581,멕아이씨에스,"4,500",174.29:1,  058110,  2015.12.14
582,엔에스,"8,000",29.5:1,  217820,  2015.12.07
583,세진중공업,"3,500",2.29:1,  075580,  2015.11.30
584,미래테크놀로지,"16,100",1.50:1,  213090,  2015.12.01
585,하이즈항공,"18,000",3.08:1,  221840,  2015.11.25
586,엠지메드,"40,000",1350.05:1,  180400,  2015.11.20
587,리드,"5,100",45.64:1,  197210,  2015.11.20
588,케이디켐,"16,000",5.46:1,  221980,  2015.11.19
589,매직마이크로,"5,500",36.57:1,  127160,  2015.11.19
590,네오오토,"12,000",34.44:1,  212560,  2015.11.18
591,골든브릿지스팩4호,"2,000",5.07:1,  227950,  2015.11.18
592,케어젠,"110,000",263.19:1,  214370,  2015.11.17
593,아이진,"13,500",267.72:1,  185490,  2015.11.16
594,나무가,"37,000",0.91:1,  190510,  2015.11.12
595,금호에이치티,"10,000",32.87:1,  214330,  2015.11.11
596,유앤아이,"30,000",638.25:1,  056090,  2015.11.12
597,제주항공,"30,000",448.5:1,  089590,  2015.11.06
598,에이치엠씨스팩3호,"2,000",34.40:1,  226340,  2015.11.05
599,더블유게임즈,"65,000",241.18:1,  192080,  2015.11.04
600,연우,"25,200",680:1,  115960,  2015.11.02
601,키움스팩4호,"2,000",127.04:1,  226850,  2015.10.30
602,에이티젠,"17,000",1166.97:1,  182400,  2015.10.23
603,현대드림스팩4호,"2,000",215.34:1,  226360,  2015.10.22
604,엑시콘,"10,000",9.05:1,  092870,  2015.10.22
605,이베스트스팩3호,"2,000",143.73:1,  225440,  2015.10.19
606,IBKS스팩3호,"2,000",177.89:1,  225430,  2015.10.08
607,에치디프로,"8,900",843.36:1,  214870,  2015.10.13
608,엘아이지넥스원,"76,000",4.74:1,  079550,  2015.10.02
609,신영해피투모로우2호스팩,"2,000",198:1,  225590,  2015.10.05
610,동부스팩3호,"2,000",163.23:1,  226440,  2015.10.06
611,동일제강,"3,000",789.49:1,  002690,  2015.09.24
612,타이거일렉,"6,000",241.92:1,  219130,  2015.09.25
613,엔에이치스팩9호,"2,000",96.5:1,  225570,  2015.09.25
614,아이콘트롤스,"32,000",280.11:1,  039570,  2015.09.24
615,제너셈,"10,500",797.33:1,  217190,  2015.09.25
616,인포마크,"14,000",381:1,  175140,  2015.09.23
617,유진스팩3호,"2,000",265.32:1,  221200,  2015.09.09
618,한국스팩3호,"2,000",349.09:1,  222080,  2015.09.02
619,케이티비스팩3호,"2,000",260:1,  220630,  2015.08.28
620,교보스팩5호,"2,000",485.34:1,  223040,  2015.08.27
621,웹스,"7,200",1114.21:1,  196700,  2015.08.24
622,현대드림스팩3호,"2,000",234.75:1,  221950,  2015.08.21
623,에이제이네트웍스,"34,300",83.3:1,  095570,  2015.08.21
624,교보스팩4호,"2,000",447.18:1,  222810,  2015.08.13
625,파인텍,"10,500",1041.73:1,  131760,  2015.08.17
626,흥국에프엔비,"20,000",1001.61:1,  189980,  2015.08.07
627,미래에셋스팩4호,"2,000",190.30:1,  222420,  2015.08.06
628,케이비스팩8호,"2,000",221.90:1,  222390,  2015.08.05
629,칩스앤미디어,"10,500",82.85:1,  094360,  2015.08.05
630,아시아경제신문사,"3,600",12.31:1,  127710,  2015.07.31
631,로지시스,"2,500",396.82:1,  067730,  2015.07.29
632,아이쓰리시스템,"36,000",1506.57:1,  214430,  2015.07.30
633,엘아이지이에스스팩,"2,000",30.99:1,  220260,  2015.07.27
634,파마리서치프로덕트,"55,000",561:1,  214450,  2015.07.24
635,에스케이스팩2호,"2,000",130.38:1,  219550,  2015.07.23
636,펩트론,"16,000",1093.01:1,  087010,  2015.07.22
637,한화에이스스팩2호,"2,000",54.46:1,  219860,  2015.07.20
638,이노션,"68,000",204.13:1,  214320,  2015.07.17
639,유안타스팩2호,"2,000",132.03:1,  219960,  2015.07.17
640,토니모리,"32,000",771.08:1,  214420,  2015.07.10
641,미래에셋생명보험,"7,500",38.01:1,  085620,  2015.07.08
642,키움스팩3호,"2,000",61.23:1,  218710,  2015.07.10
643,골든브릿지스팩3호,"2,000",2.75:1,  219580,  2015.06.30
644,동운아나텍,"10,000",47.76:1,  094170,  2015.06.30
645,엔에이치스팩8호,"2,000",35:1,  218410,  2015.06.30
646,민앤지,"28,000",1107.81:1,  214180,  2015.06.30
647,경보제약,"15,000",263.87:1,  214390,  2015.06.29
648,유테크,"9,000",21.14:1,  178780,  2015.06.30
649,에스엔텍,"6,500",22.9:1,  160600,  2015.06.26
650,코아스템,"16,000",751.91:1,  166480,  2015.06.26
651,세미콘라이트,"11,300",143.52:1,  214310,  2015.06.25
652,이베스트스팩2호,"2,000",30.84:1,  217600,  2015.06.26
653,에스케이디앤디,"26,000",574.68:1,  210980,  2015.06.23
654,대신밸런스스팩1호,"2,000",272.26:1,  217270,  2015.06.18
655,하나머스트스팩5호,"2,000",392:1,  218150,  2015.06.18
656,베셀,"9,000",680.95:1,  177350,  2015.06.19
657,하이스팩3호,"2,000",112.60:1,  217500,  2015.06.16
658,싸이맥스,"16,300",178.03:1,  160980,  2015.06.17
659,엔에이치스팩7호,"2,000",289.38:1,  217810,  2015.06.12
660,픽셀플러스,"30,000",68.09:1,  087600,  2015.06.12
661,한화에이씨피씨스팩,"2,000",310.63:1,  217620,  2015.06.10
662,제노포커스,"11,000",1206.75:1,  187420,  2015.05.29
663,미래에셋스팩3호,"2,000",329.33:1,  215750,  2015.05.22
664,한화엠지아이스팩,"2,000",392.78:1,  215380,  2015.05.18
665,대우스팩3호,"2,000",365.65:1,  215580,  2015.05.19
666,대우에스비아이스팩1호,"2,000",226.7:1,  215480,  2015.05.13
667,엔에이치스팩5호,"2,000",378.79:1,  215790,  2015.05.08
668,유진에이씨피씨스팩2호,"2,000",240.01:1,  215090,  2015.04.28
669,하나머스트스팩4호,"2,000",427.53:1,  215100,  2015.04.22
670,한화에이스스팩1호,"2,000",357.52:1,  214680,  2015.04.20
671,유지인트,"15,000",857.34:1,  195990,  2015.04.13
672,케이티비스팩2호,"2,000",285:1,  214150,  2015.04.03
673,NS쇼핑(구.농수산홈쇼핑),"235,000",236.82:1,  138250,  2015.03.27
674,케이비스팩7호,"2,000",195:1,  214270,  2015.03.25
675,세화아이엠씨,"16,300",731.79:1,  145210,  2015.03.19
676,포시에스,"9,100",1162.83:1,  189690,  2015.02.11
677,골든브릿지스팩2호,"2,000",210:6,  206660,  2015.02.05
678,국일신동,"1,700",90.83:1,  060480,  2014.12.29
679,영백씨엠,"5,500",358:1,  193250,  2014.12.29
680,NH스팩2호,"2,000",0.55:1,  206640,  2014.12.29
681,현대드림스팩2호,"2,000",0.9:1,  204630,  2014.12.29
682,케이비스팩6호,"2,000",2.42:1,  208640,  2014.12.29
683,서전기전,"6,500",8.89:1,  189860,  2014.12.24
684,하이셈,"1,500",72.16:1,  200470,  2014.12.26
685,교보스팩3호,"2,000",20.77:1,  208710,  2014.12.24
686,휴메딕스,"28,000",571.55:1,  200670,  2014.12.26
687,오킨스전자,"7,100",9.08:1,  080580,  2014.12.24
688,넥스트엔터테인먼트월드,"16,300",33.55:1,  160550,  2014.12.23
689,하나머스트스팩3호,"2,000",27.54:1,  208870,  2014.12.24
690,아스트,"9,500",4.11:1,  067390,  2014.12.24
691,케이비스팩5호,"2,000",0.54:1,  208350,  2014.12.24
692,아이티센,"7,500",2.63:1,  124500,  2014.12.23
693,제일모직(구.삼성에버랜드),"53,000",194.9:1,  028260,  2014.12.18
694,하이로닉,"51,000",219.96:1,  149980,  2014.12.17
695,하나머스트스팩2호,"2,000",1.69:1,  208370,  2014.12.17
696,우리에스엘스팩,"2,000",2.51:1,  207720,  2014.12.17
697,디티앤씨(구.디지털이엠씨),"18,500",620.63:1,  187220,  2014.12.17
698,엘아이지스팩2호,"2,000",2.1:1,  208140,  2014.12.17
699,녹십자엠에스,"6,000",477.08:1,  142280,  2014.12.17
700,랩지노믹스,"13,200",305.88:1,  084650,  2014.12.16
701,에이디테크놀로지,"15,000",12.4:1,  200710,  2014.12.16
702,비씨월드제약,"15,700",681:1,  200780,  2014.12.15
703,동부스팩2호,"2,000",2.45:1,  207760,  2014.12.12
704,알테오젠,"26,000",564.78:1,  196170,  2014.12.12
705,한국스팩2호,"2,000",1.21:1,  206400,  2014.12.10
706,에스케이씨코오롱피아이,"8,000",45.53:1,  178920,  2014.12.08
707,대창스틸,"2,500",568:1,  140520,  2014.12.05
708,에프엔씨엔터테인먼트,"28,000",577.37:1,  173940,  2014.12.04
709,하이스팩2호,"2,000",19.86:1,  205470,  2014.12.01
710,씨에스윈드,"43,500",66.4:1,  112610,  2014.11.27
711,케이티비스팩1호,"2,000",39.46:1,  204650,  2014.11.24
712,텔콘,"14,500",482.06:1,  200230,  2014.11.24
713,파티게임즈,"13,000",735.99:1,  194510,  2014.11.21
714,IBKS스팩2호,"2,000",60.22:1,  204840,  2014.11.20
715,유안타스팩1호,"2,000",62.9:1,  204620,  2014.11.19
716,디에이테크놀로지,"6,600",488.77:1,  196490,  2014.11.19
717,삼성SDS,"190,000",134.19:1,  018260,  2014.11.14
718,케이비스팩4호,"2,000",0.17:1,  205500,  2014.11.12
719,현대에이블스팩1호,"2,000",0.49:1,  204760,  2014.11.10
720,테고사이언스,"13,500",622.14:1,  191420,  2014.11.06
721,교보위드스팩,"2,000",8.89:1,  205100,  2014.11.07
722,슈피겐코리아,"27,500",360.12:1,  192440,  2014.11.05
723,테라셈,"3,000",54.22:1,  182690,  2014.10.30
724,영우디에스피,"5,000",32.32:1,  143540,  2014.10.29
725,대우스팩2호,"2,000",0.49:1,  204440,  2014.10.22
726,신한스팩2호,"2,000",64.46:1,  203650,  2014.10.13
727,데브시스터즈,"53,000",285.28:1,  194480,  2014.10.06
728,메디아나,"6,200",12.88:1,  041920,  2014.10.07
729,KB스팩3호,"2,000",98.86:1,  203690,  2014.09.30
730,감마누,"11,000",1389.86:1,  192410,  2014.08.14
731,우리스팩3호,"2,000",284.88:1,  198440,  2014.08.13
732,신화콘텍,"9,100",99.3:1,  187270,  2014.08.08
733,쿠쿠전자,"104,000",175.1:1,  192400,  2014.08.06
734,덕신하우징,"13,000",899.07:1,  090410,  2014.08.01
735,파버나인,"12,500",173.89:1,  177830,  2014.08.04
736,창해에탄올,"8,300",675.79:1,  004650,  2014.07.30
737,윈하이텍,"8,300",589.58:1,  192390,  2014.07.25
738,미래에셋스팩2호,"2,000",186.41:1,  200130,  2014.07.23
739,아진엑스텍,"7,000",876.27:1,  059120,  2014.07.24
740,화인베스틸,"4,700",248.12:1,  133820,  2014.07.22
741,트루윈,"10,500",1018.09:1,  105550,  2014.07.11
742,하나머스트스팩,"2,000",284.5:1,  194610,  2014.06.10
743,캐스텍코리아,"6,500",807.11:1,  071850,  2014.05.27
744,BGF리테일(구.보광훼미리마트),"41,000",181.3:1,  027410,  2014.05.19
745,유진스팩1호,"2,000",36.11:1,  187790,  2014.05.08
746,KB스팩2호,"2,000",79.87:1,  192250,  2014.04.28
747,오이솔루션,"10,000",1253.41:1,  138080,  2014.02.27
748,인터파크INT,"7,700",492.5:1,  108790,  2014.02.06
749,한국정보인증,"1,800",922:1,  053300,  2014.02.04
750,이지웰페어,"4,400",568.42:1,  090850,  2013.12.27
751,솔루에타,"24,000",20.79;1,  154040,  2013.12.27
752,인트로메딕,"6,000",256.35:1,  150840,  2013.12.19
753,키움제2호스팩,"2,000",0.39:1,  184230,  2013.12.20
754,기가레인(구.맥시스),"5,500",14.9:1,  049080,  2013.12.19
755,알티캐스트,"8,500",572.09:1,  085810,  2013.12.06
756,엔브이에이치코리아,"4,500",18.37:1,  067570,  2013.12.03
757,현대공업,"7,500",697:1,  170030,  2013.12.04
758,디엠티,"5,700",535.94:1,  134580,  2013.11.26
759,우리기업인수목적2호,"2,000",1.55:1,  182360,  2013.11.21
760,신송홀딩스,"6,500",548.34:1,  006880,  2013.11.21
761,라이온켐텍,"12,500",606.37:1,  171120,  2013.11.19
762,램테크놀러지,"3,900",640.94:1,  171010,  2013.11.18
763,미동전자통신,"20,000",585.2:1,  161570,  2013.11.13
764,에이씨티,"8,100",472.29:1,  138360,  2013.11.08
765,해성옵틱스,"6,600",249.01:1,  076610,  2013.11.06
766,현대로템,"23,000",54.53:1,  064350,  2013.10.30
767,내츄럴엔도텍,"40,000",609.82:1,  168330,  2013.10.31
768,테스나,"13,500",643.73:1,  131970,  2013.10.22
769,파수닷컴,"5,800",449.72:1,  150900,  2013.10.18
770,엘티씨,"20,500",702.54:1,  170920,  2013.10.08
771,지엔씨에너지,"6,000",1251:1,  119850,  2013.10.02
772,아미코젠,"25,000",641.43:1,  092040,  2013.09.12
773,파이오링크,"10,500",720.3:1,  170790,  2013.08.01
774,금호N.T,"3,100",987.83:1,  130500,  2013.08.02
775,KG이티에스,"3,800",390.88:1,  151860,  2013.07.24
776,나스미디어,"8,800",781:1,  089600,  2013.07.17
777,엑세스바이오,"4,500",692:1,  950130,  2013.05.30
778,디에스알,"4,000",406.30:1,  155660,  2013.05.15
779,레고켐바이오사이언스,"15,500",604.97:1,  141080,  2013.05.10
780,삼목강업,"2,600",276:1,  158380,  2013.04.30
781,세호로보트,"7,800",514.5:1,  158310,  2013.04.03
782,윈팩,"4,000",39.65:1,  097800,  2013.03.07
783,코렌텍,"16,000",586.12:1,  104540,  2013.03.05
784,제로투세븐,"8,300",750.87:1,  159580,  2013.02.19
785,지디,"18,000",536.3:1,  155960,  2013.02.13
786,아이원스,"4,500",638.66:1,  114810,  2013.02.07
787,우리이앤엘,"4,900",3.04:1,  153490,  2013.02.05
788,아이센스,"19,000",714.5:1,  099190,  2013.01.30
789,포티스,"3,900",834.7:1,  141020,  2013.01.29
790,씨에스엘쏠라,"10,000",12.15:1,  159910,  2012.12.27
791,SBIAXES(구.AXES홀딩스),"3,600",2.4:1,  950110,  2012.12.17
792,우리로광통신,"10,300",195:1,  046970,  2012.11.27
793,디젠스,"1,800",710.64:1,  113810,  2012.11.22
794,맥스로텍,"7,000",1132:1,  141070,  2012.11.16
795,GMB코리아,"6,000",191.21:1,  013870,  2012.11.20
796,와이엠씨,"6,000",557.18:1,  155650,  2012.11.15
797,CJ헬로비전,"16,000",0.26:1,  037560,  2012.11.09
798,아바텍,"6,300",551.8:1,  149950,  2012.11.06
799,코이즈,"7,500",609.99:1,  121850,  2012.09.27
800,모다정보통신,"7,000",499.89:1,  149940,  2012.09.25
801,나노스,"7,000",438.54:1,  151910,  2012.08.02
802,에이제이렌터카(구.아주오토렌탈),"7,000",0.23:1,  068400,  2012.07.27
803,우양에이치씨,"5,500",5.64:1,  101970,  2012.07.26
804,엠씨넥스,"15,000",1.70:1,  097520,  2012.07.25
805,네이블커뮤니케이션즈,"9,000",241.42:1,  153460,  2012.07.19
806,디지탈옵틱,"11,500",596.87:1,  106520,  2012.07.13
807,피엔티,"17,000",1116.89:1,  137400,  2012.07.06
808,사조씨푸드,"10,600",218.3:1,  014710,  2012.06.29
809,비아트론,"15,900",834.68:1,  141000,  2012.05.04
810,에스비아이모기지,"7,000",1.81:1,  950100,  2012.04.30
811,코오롱패션머티리얼,"14,500",691.76:1,  144620,  2012.04.05
812,빛샘전자,"4,400",1000.47:1,  072950,  2012.03.21
813,휴비스,"12,200",25.32:1,  079980,  2012.02.23
814,사람인에이치알,"5,000",1057.8:1,  143240,  2012.02.21
815,뉴로스,"8,500",1255.32:1,  126870,  2012.02.15
816,남화토건,"3,000",1269.57:1,  091590,  2012.01.31
817,케이탑리츠,"5,500",,  145270,  2012.01.31
818,동아팜텍,"24,000",543:1,  140410,  2012.01.20
819,원익머트리얼즈,"27,000",417.16:1,  104830,  2011.12.28
820,디엔에이링크,"7,700",836.99:1,  127120,  2011.12.26
821,나이스디앤비,"1,700",216.35:1,  130580,  2011.12.22
822,GS리테일(지에스리테일),"19,500",5.69:1,  007070,  2011.12.23
823,시큐브,"4,900",6.48:1,  131090,  2011.12.21
824,서암기계공업,"3,800",183.36:1,  100660,  2011.12.19
825,씨유메디칼시스템,"12,000",568.84:1,  115480,  2011.12.15
826,인터지스,"10,000",3.14:1,  129260,  2011.12.16
827,사파이어테크놀로지,"65,000",300.33:1,  123260,  2011.12.05
828,티브이로직,"12,000",652.7:1,  121800,  2011.12.01
829,넥스트리밍,"6,000",306.71:1,  139670,  2011.12.02
830,에스에프씨,"14,000",82.8:1,  112240,  2011.11.30
831,이엠넷,"6,400",862.5:1,  123570,  2011.11.25
832,신진에스엠,"15,000",443.77:1,  138070,  2011.11.28
833,와이지엔터테인먼트,"34,000",560:1,  122870,  2011.11.23
834,쎄미시스코,"9,500",781:1,  136510,  2011.11.18
835,아이테스트,"2,400",446.2:1,  089530,  2011.11.11
836,테크윙,"23,000",801.89:1,  089030,  2011.11.10
837,신흥기계,"8,500",1014.97:1,  007820,  2011.11.08
838,씨큐브,"5,750",791.35:1,  101240,  2011.11.08
839,씨엔플러스,"11,500",1221.89:1,  115530,  2011.11.02
840,테라세미콘,"13,500",864:1,  123100,  2011.11.01
841,케이맥,"14,500",745:1,  043290,  2011.10.25
842,로보스타,"5,800",184:1,  090360,  2011.10.17
843,넥솔론,"4,000",68.7:1,  110570,  2011.10.14
844,대한과학,"3,000",414:1,  131220,  2011.10.11
845,피앤이솔루션,"8,000",867.62:1,  131390,  2011.09.27
846,화진,"4,300",1166.02:1,  134780,  2011.08.10
847,제이씨케미칼,"7,200",545.66:1,  137950,  2011.08.08
848,아이씨디,"34,000",512.93:1,  040910,  2011.08.05
849,제닉,"22,000",330.49:1,  123330,  2011.08.03
850,경봉,"7,100",965.5:1,  139050,  2011.07.29
851,상아프론테크,"6,000",670.85:1,  089980,  2011.07.21
852,삼원강재,"4,000",707.07:1,  023000,  2011.07.22
853,나이벡,"10,000",481.43:1,  138610,  2011.07.13
854,옵티시스,"7,600",907.98:1,  109080,  2011.07.12
855,신세계인터내셔날,"65,000",290.07:1,  031430,  2011.07.14
856,대양전기공업,"9,000",18.3:1,  108380,  2011.07.08
857,한국항공우주산업,"15,500",48.95:1,  047810,  2011.06.30
858,하이마트,"59,000",2.6:1,  071840,  2011.06.29
859,탑금속,"6,500",531:1,  019770,  2011.06.24
860,쓰리피시스템,"5,800",0.45:1,  110500,  2011.06.17
861,엠케이트렌드,"11,000",352:1,  069640,  2011.06.21
862,리켐,"14,000",444:1,  131100,  2011.06.14
863,완리인터내셔널홀딩스,"4,100",1.07:1,  900180,  2011.06.13
864,코오롱플라스틱,"4,300",579:1,  138490,  2011.06.15
865,넥스트아이,"10,000",4.59:1,  137940,  2011.06.14
866,엘티에스,"34,000",6.78:1,  138690,  2011.06.02
867,KT스카이라이프,"17,000",97.7:1,  053210,  2011.06.03
868,세아특수강,"28,000",363.9:1,  019440,  2011.06.01
869,케이엠에이치,"9,500",14.08:1,  122450,  2011.05.25
870,골프존,"85,000",209.64:1,  121440,  2011.05.20
871,한국종합기술,"7,100",184.33:1,  023350,  2011.04.28
872,이퓨쳐,"6,400",573.64:1,  134060,  2011.04.27
873,티케이케미칼,"5,000",1.94:1,  104480,  2011.04.26
874,일진머티리얼즈,"15,800",2.917:1,  020150,  2011.03.04
875,부스타,"4,200",440.26:1,  008470,  2011.02.23
876,현대위아,"65,000",103.66:1,  011210,  2011.02.21
877,나노신소재,"17,000",673.1:1,  121600,  2011.02.09
878,케이아이엔엑스,"8,000",588.1:1,  093320,  2011.02.08
879,티피씨,"5,200",1413.24:1,  130740,  2011.02.08
880,제이엔케이히터,"13,600",621:1,  126880,  2011.01.31
881,엘비세미콘,"4,700",304:1,  061970,  2011.01.31
882,딜리,"8,000",237.85,  131180,  2011.01.31
883,블루콤,"12,000",645.86:1,  033560,  2011.01.26
884,인트론바이오테크놀로지,"6,100",943.9:1,  048530,  2011.01.26
885,씨그널정보통신,"8,500",1118.70:1,  099830,  2011.01.24
886,다나와,"14,000",672.02:1,  119860,  2011.01.24
887,중국고섬공고,"7,000",0.46:1,  950070,  2011.01.25
888,티에스이,"45,000",47.90:1,  131290,  2011.01.05
889,KB게임(KB스팩),"2,500",1.21:1,  131370,  2011.01.05
890,인텍플러스,"7,000",57.87:1,  064290,  2011.01.05
891,두산엔진,"19,300",47.29:1,  082740,  2011.01.04
892,대구도시가스,"5,400",356.78:1,  117580,  2010.12.24
893,액트,"2,700",12.93:1,  131400,  2010.12.27
894,현대HCN,"3,800",21.1:1,  126560,  2010.12.23
895,IBKS스마트스팩,"1,000",4.84:1,  126680,  2010.12.22
896,한전산업개발,"5,500",127.26:1,  130660,  2010.12.16
897,대정화금,"9,200",697.93:1,  120240,  2010.12.20
898,케이티스(구.한국인포서비스),"2,700",64.8:1,  058860,  2010.12.17
899,동부티에스블랙펄스팩,"2,000",138.8:1,  128910,  2010.12.08
900,하이제1호스팩,"4,000",247.66:1,  131030,  2010.12.03
901,세우테크,"5,500",32.25:1,  096690,  2010.12.01
902,코라오홀딩스,"4,800",395:1,  900140,  2010.11.30
903,대구방송,"7,500",4.3:1,  033830,  2010.11.29
904,케이티롤,"6,800",42.82:1,  122800,  2010.11.26
905,시그네틱스,"2,600",23.9:1,  033170,  2010.11.26
906,한국전자인증,"1,600",303.38:1,  041460,  2010.11.19
907,코프라,"7,000",1464:1,  126600,  2010.11.12
908,디케이락,"7,500",169.58:1,  105740,  2010.11.12
909,하나그린스팩1호,"4,000",535.36:1,  123420,  2010.11.10
910,삼본정밀전자,"8,800",452:1,  111870,  2010.11.05
911,케이엔엔,"9,000",170.13:1,  058400,  2010.11.03
912,아나패스,"52,000",376.3:1,  123860,  2010.11.05
913,부국퓨쳐스타즈스팩,"2,000",321:1,  123300,  2010.10.29
914,아이텍반도체,"9,100",548.21:1,  119830,  2010.10.26
915,인화정공,"26,000",582.41:1,  101930,  2010.10.22
916,누리플랜,"5,500",843.62:1,  069140,  2010.10.26
917,코렌,"5,800",191.28:1,  078650,  2010.10.22
918,아이씨코리아,"2,800",1105.27:1,  068940,  2010.10.19
919,휠라코리아,"35,000",330:1,  081660,  2010.09.28
920,키움제1호스팩,"2,000",0.13:1,  123840,  2010.10.05
921,포메탈,"6,000",15.91:1,  119500,  2010.09.17
922,케이티씨에스(구.한국인포데이타,"2,600",382.82:1,  058850,  2010.09.16
923,알파칩스,"12,000",941.45:1,  117670,  2010.09.17
924,다원시스,"11,000",3.21:1,  068240,  2010.09.14
925,성융광전투자,"2,800",1.32:1,  900150,  2010.09.15
926,현대홈쇼핑,"90,000",147.21:1,  057050,  2010.09.13
927,씨젠,"30,500",3.42:1,  096530,  2010.09.10
928,와이솔,"8,000",12.75:1,  122990,  2010.09.10
929,이트레이드1호스팩,"2,000",0.31:1,  126700,  2010.09.10
930,에이치엠씨아이비1호스팩,"2,000",180:1,  126640,  2010.08.31
931,교보케이티비스팩,"4,000",0.84:1,  123410,  2010.08.27
932,한국투자신성장1호스팩,"2,200",5.18:1,  123290,  2010.08.24
933,에스비아이앤솔로몬드림스팩,"1,250",0.48:1,  123910,  2010.08.24
934,대신증권그로쓰알파,"2,000",0.77:1,  123550,  2010.08.24
935,도화종합기술공사,"22,000",24.96:1,  002150,  2010.08.12
936,엠에스오토텍,"5,500",1257.45:1,  123040,  2010.08.06
937,이글루시큐리티,"14,000",59.2:1,  067920,  2010.08.04
938,아이마켓코리아,"15,300",245.4:1,  122900,  2010.07.30
939,하이텍팜,"11,500",877.70:1,  106190,  2010.07.28
940,인터로조,"12,000",107.02:1,  119610,  2010.07.28
941,우진,"15,000",723.42:1,  105840,  2010.07.26
942,웨이포트(홍콩),"1,400",66.58:1,  900130,  2010.07.23
943,크루셜텍,"23,500",554.7:1,  114120,  2010.07.21
944,에스디시스템,"14,800",491.68:1,  121890,  2010.07.16
945,한화스팩1호,"5,000",40.63:1,  124050,  2010.07.09
946,신영증권스팩1호,"1,000",6.99:1,  123750,  2010.07.02
947,웅진에너지,"9,500",162.69:1,  103130,  2010.06.30
948,처음앤씨,"13,000",497.28:1,  111820,  2010.06.18
949,유비벨록스,"11,000",1198.94:1,  089850,  2010.06.18
950,케이엔디티앤아이,"8,500",1059.2:1,  046120,  2010.06.15
951,히든챔피언제1호스팩,"2,000",0.66:1,  123160,  2010.06.11
952,이연제약,"16,500",64.47:1,  102460,  2010.06.10
953,솔라시아,"5,000",976.35:1,  070300,  2010.06.09
954,실리콘웍스,"67,000",113.89:1,  108320,  2010.06.08
955,투비소프트,"8,000",1259.04:1,  079970,  2010.06.01
956,인피니트헬스케어(구.인피니트테,"5,200",696.17:1,  071200,  2010.05.26
957,모바일리더,"15,000",746.94:1,  100030,  2010.05.25
958,만도,"83,000",124.63:1,  060980,  2010.05.19
959,신한제1호스팩,"5,000",8.48:1,  122690,  2010.05.25
960,삼성생명,"110,000",40.6:1,  032830,  2010.05.12
961,우리스팩1호,"10,000",193.4:1,  122750,  2010.05.11
962,동아체육용품유한공사,"5,000",25.4:1,  900110,  2010.04.23
963,뉴프라이드,"7,500",322:1,  900100,  2010.04.21
964,케이씨에스,"1,600",781.6:1,  115500,  2010.04.14
965,차이나킹하이웨이,"3,700",301.75:1,  900120,  2010.03.31
966,디지탈아리아,"11,000",897.4:1,  115450,  2010.03.26
967,동양밸류오션SPAC,"10,000",101.94:1,  122290,  2010.03.25
968,현대드림투게더,"6,000",2;1,  122350,  2010.03.19
969,대한생명보험,"8,200",23.7:1,  088350,  2010.03.17
970,미래에셋스팩1호,"1,500",163.68:1,  121950,  2010.03.12
971,대우증권그린코리아SPAC,"3,500",86.9:1,  121910,  2010.03.03
972,이미지스테크놀로지,"6,000",195.36:1,  115610,  2010.02.26
973,하이소닉,"13,000",525.81:1,  106080,  2010.02.09
974,인포바인,"33,000",791.12:1,  115310,  2010.02.09
975,에스이티아이,"17,500",52.2:1,  114570,  2010.02.04
976,모베이스,"13,200",704:1,  101330,  2010.02.04
977,차이나하오란리사이클링,"4,700",42.5:1,  900090,  2010.02.05
978,지역난방공사,"45,000",127.3:1,  071320,  2010.01.29
979,에이치디시에스,"15,000",227.32:1,  105070,  2010.02.02
980,락앤락,"15,700",24.85:1,  115390,  2010.01.28
981,우리넷,"6,700",725.91:1,  115440,  2010.01.27
982,스타플렉스,"15,000",216:1,  115570,  2010.01.27
983,영흥철강,"12,000",491.86:1,  012160,  2010.01.25
984,아세아텍,"4,100",79.21:1,  050860,  2010.01.26
985,우노앤컴퍼니,"6,500",562.95:1,  114630,  2010.01.15
986,승화엘엠씨,"6,700",611.88:1,  111610,  2010.01.06
987,코디에스,"6,000",953:1,  080530,  2010.01.05
988,글로벌에스엠테크리미티드,"3,200",522:1,  900070,  2009.12.23
989,아이티엑스시큐리티,"6,000",413:1,  099520,  2009.12.22
990,KPX라이프사이언스,"6,200",252.62:1,  114450,  2009.12.22
991,동양피엔에프,"12,000",373.92:1,  104460,  2009.12.22
992,위메이드엔터테인먼트,"62,000",5.63:1,  112040,  2009.12.18
993,멜파스,"43,200",2.47:1,  096640,  2009.12.18
994,현대푸드시스템,"11,600",337.83:1,  114410,  2009.12.17
995,한전기술,"21,600",124:1,  052690,  2009.12.14
996,디오텍,"9,000",346.23:1,  108860,  2009.12.10
997,중국엔진집단유한공사,"6,000",272.57:1,  900080,  2009.12.04
998,이원컴포텍,"2,000",1035:1,  088290,  2009.12.01
999,GKL,"12,000",20.4:1,  114090,  2009.11.19
1000,강원비앤이,"4,700",14.26:1,  114190,  2009.11.20
1001,에스케이씨앤씨,"30,000",20.87:1,  034730,  2009.11.11
1002,이너스텍,"10,000",369.6:1,  109960,  2009.11.13
1003,동방선기,"4,000",85.35:1,  099410,  2009.11.10
1004,디엠씨,"6,300",22.3:1,  101000,  2009.11.06
1005,진매트릭스,"8,000",228.3:1,  109820,  2009.11.06
1006,비츠로셀,"5,500",20.36:1,  082920,  2009.10.28
1007,스틸플라워,"13,500",7.88:1,  087220,  2009.10.27
1008,진로,"41,000",9.4:1,  000080,  2009.10.19
1009,한스바이오메드,"5,500",1041:1,  042520,  2009.10.09
1010,동양생명,"17,000",12.67:1,  082640,  2009.10.08
1011,네오위즈벅스,"9,000",104.02:1,  104200,  2009.10.06
1012,아이앤씨테크놀로지,"16,000",349.93:1,  052860,  2009.10.06
1013,케이엔더블유,"11,000",538.61:1,  105330,  2009.09.29
1014,에리트베이직,"4,000",260.76:1,  093240,  2009.09.28
1015,쌍용머티리얼,"17,500",13.73:1,  047400,  2009.09.29
1016,모린스,"39,000",35.05:1,  110310,  2009.09.25
1017,디에스케이,"5,000",497.85:1,  109740,  2009.09.23
1018,제넥신,"27,000",525.05:1,  095700,  2009.09.15
1019,톱텍,"10,400",440.12:1,  108230,  2009.09.15
1020,동국S&C,"11,000",10.58:1,  100130,  2009.08.31
1021,에스앤더블류,"6,700",995.16:1,  103230,  2009.08.05
1022,게임빌,"15,000",622.78:1,  063080,  2009.07.30
1023,동일금속,"8,000",243.26:1,  109860,  2009.07.28
1024,대우캐피탈,"8,000",216.27:1,  033660,  2009.06.25
1025,한미파슨스건축사사무소,"14,500",513.93:1,  053690,  2009.06.23
1026,동아지질,"14,500",357.95:1,  028100,  2009.06.12
1027,어보브반도체,"3,300",2423.32:1,  102120,  2009.06.05
1028,조이맥스,"55,000",631.97:1,  101730,  2009.06.03
1029,이엔에프테크놀로지,"5,500",696.2:1,  102710,  2009.05.28
1030,차이나그레이트스타인터내셔널리,"1,700",205.77:1,  900040,  2009.05.29
1031,뉴그리드테크놀로지,"3,500",1061.76:1,  099440,  2009.05.26
1032,중국원양자원유한공사,"3,100",243.5:1,  900050,  2009.05.22
1033,해덕선기,"8,500",180.4:1,  102210,  2009.05.21
1034,서울마린,"10,000",412.3:1,  099220,  2009.05.19
1035,한국정밀기계,"22,000",252.4:1,  101680,  2009.05.19
1036,STX엔파코,"13,000",357.57:1,  071970,  2009.05.15
1037,흥국,"4,200",1989.74:1,  010240,  2009.05.12
1038,신텍,"12,500",384.23:1,  099660,  2009.04.30
1039,우림기계,"10,000",583.99:1,  101170,  2009.04.28
1040,티플랙스,"3,000",2493.46:1,  081150,  2009.04.23
1041,네프로아이티,"4,500",403.78:1,  950030,  2009.04.24
1042,에스티오,"5,000",361.01:1,  098660,  2009.04.17
1043,엔에스브이,"4,300",561.15:1,  095300,  2009.04.17
1044,에이테크솔루션,"5,400",1495:1,  071670,  2009.04.17
1045,뷰웍스,"9,000",1163.17:1,  100120,  2009.04.10
1046,에스앤에스텍,"4,000",460.23:1,  101490,  2009.04.14
1047,코오롱생명과학,"23,500",283.19:1,  102940,  2009.04.07
1048,네오피델리티,"4,500",569.26:1,  101400,  2009.03.31
1049,중국식품포장유한공사,"1,500",230.91:1,  900060,  2009.03.27
1050,이수앱지스,"5,500",232.19:1,  086890,  2009.02.03
1051,유비쿼스,"6,100",239.29:1,  078070,  2009.01.23
1052,대성파인텍,"3,500",181.23:1,  104040,  2009.01.23
1053,메디톡스,"14,000",297.14:1,  086900,  2009.01.16
1054,엠게임,"10,000",663.54:1,  058630,  2008.12.19
1055,아이컴포넌트,"3,500",437.9:1,  059100,  2008.12.16
1056,연합과기공고유한공사,"2,200",82.17:1,  900030,  2008.12.04
1057,LG파워콤,"5,700",19.07:1,  045820,  2008.11.27
1058,에너지솔루션즈,"3,000",385:1,  067630,  2008.11.25
1059,이크레더블,"18,000",538.63:1,  092130,  2008.10.24
1060,심팩에이앤씨,"12,000",0.56:1,  090730,  2008.10.17
1061,사이버다임,"3,100",191.2:1,  066690,  2008.10.06
1062,세운메디칼,"5,600",583.4:1,  100700,  2008.09.30
1063,마이크로컨텍솔루션,"2,000",447.44:1,  098120,  2008.09.23
1064,케이제이프리텍,"3,000",1.51:1,  083470,  2008.09.18
1065,삼강엠앤티,"6,500",157.13:1,  100090,  2008.08.01
1066,아이엠,"5,000",19.86:1,  101390,  2008.07.23
1067,LG이노텍,"40,500",0.66:1,  011070,  2008.07.24
1068,한텍엔지니어링,"8,500",0.41:1,  076080,  2008.07.18
1069,코리아에스이,"5,500",2.65:1,  101670,  2008.07.15
1070,슈프리마,"27,100",0.73:1,  094840,  2008.07.11
1071,명문제약,"6,000",1.82:1,  017180,  2008.07.10
1072,이스트소프트,"9,800",298.48:1,  047560,  2008.07.01
1073,서울옥션,"11,000",3.09:1,  063170,  2008.07.01
1074,비유와상징,"33,000",0.67:1,  100220,  2008.06.30
1075,씨디아이홀딩스,"33,000",290.24:1,  096240,  2008.06.27
1076,윌덱스,"10,000",4.28:1,  101160,  2008.06.19
1077,쎄트렉아이,"43,000",636.52:1,  099320,  2008.06.13
1078,브리지텍,"3,100",366.98:1,  064480,  2008.06.04
1079,고영테크놀러지,"11,500",291.55:1,  098460,  2008.06.03
1080,제이씨엔터테인먼트,"10,500",175:1,  067000,  2008.05.30
1081,세미텍,"5,000",988.71:1,  081220,  2008.05.23
1082,테스,"34,000",323:1,  095610,  2008.05.20
1083,우진비앤지,"4,000",659.15:1,  018620,  2008.05.20
1084,엘디티,"3,800",569.84:1,  096870,  2008.05.02
1085,예스이십사,"6,300",302.7:1,  053280,  2008.05.07
1086,실리콘화일,"6,000",261.81:1,  082930,  2008.04.25
1087,메타바이오메드,"9,000",980:1,  059210,  2008.04.15
1088,효성오앤비,"7,500",269.18:1,  097870,  2008.04.08
1089,네패스신소재,"4,400",167:1,  087730,  2008.04.04
1090,제너시스템즈,"3,500",176.8:1,  073930,  2008.03.26
1091,텔레필드,"5,000",7.82:1,  091440,  2008.02.01
1092,넥실리온,"3,500",20.3:1,  098400,  2008.01.30
1093,네오엠텔,"8,500",345:1,  096040,  2008.01.25
1094,엔케이,"10,000",4.08:1,  085310,  2008.01.24
1095,코웰이홀딩스,"2,000",6.62:1,  900020,  2008.01.29
1096,마이스코,"18,000",0.75:1,  088700,  2008.01.25
1097,에스맥,"3,500",82.4:1,  097780,  2008.01.23
1098,일신랩,"4,500",536:1,  068330,  2007.12.26
1099,쎄믹스,"3,300",381:1,  096630,  2007.12.26
1100,미성포리테크,"6,300",18.06:1,  094700,  2007.12.20
1101,서원인텍,"6,000",0.59:1,  093920,  2007.12.20
1102,이씨에스텔레콤,"2,500",435:1,  067010,  2007.12.18
1103,대창메탈,"6,500",187:1,  096350,  2007.12.17
1104,한전KPS,"13,300",112:1,  051600,  2007.12.14
1105,위즈위드,"5,200",17.6:1,  069920,  2007.12.05
1106,성진지오텍,"14,000",2.33:1,  051310,  2007.11.29
1107,화풍방직,"5,600",151:1,  950010,  2007.11.26
1108,세실,"11,000",21:1,  084450,  2007.11.20
1109,알에프세미,"4,800",84:1,  096610,  2007.11.20
1110,디엔에프,"12,000",2.78:1,  092070,  2007.11.16
1111,씨모텍,"23,000",2.78:1,  081090,  2007.11.14
1112,제이에스전선,"24,000",383:1,  005560,  2007.11.12
1113,일진정공,"5,200",529:1,  094820,  2007.11.06
1114,비엠티,"8,000",3.59:1,  086670,  2007.11.02
1115,쉘라인,"17,400",152:1,  093230,  2007.11.01
1116,기신정기,"10,000",223:1,  092440,  2007.10.30
1117,이엠코리아,"8,500",2.73:1,  095190,  2007.10.29
1118,KSS해운,"65,000",205:1,  044450,  2007.10.26
1119,이엘케이,"10,000",0.62:1,  094190,  2007.10.29
1120,현우산업,"6,800",5.57:1,  092300,  2007.10.24
1121,효성ITX,"5,000",454:1,  094280,  2007.10.25
1122,디아이씨,"63,000",4.45:1,  092200,  2007.10.18
1123,다믈멀티미디어,"4,500",166:1,  093640,  2007.10.19
1124,에스에너지,"19,000",853:1,  095910,  2007.10.16
1125,제이엠텔레콤,"5,700",25:1,  094970,  2007.10.12
1126,성우전자,"11,000",4.53:1,  081580,  2007.10.12
1127,엘지에스,"11,000",17 :1,  073110,  2007.10.12
1128,오디텍,"10,000",316:1,  080520,  2007.10.08
1129,상보,"15,000",25:1,  027580,  2007.10.01
1130,미래나노텍,"37,000",133:1,  095500,  2007.10.01
1131,네오티스,"11,500",58:1,  085910,  2007.10.01
1132,아이에스시테크놀러지,"21,000",15:1,  095340,  2007.10.01
1133,에스티엑스팬오션,"1,720",9.47:1,  028670,  2007.09.21
1134,바이오톡스텍,"5,500",445:1,  086040,  2007.09.21
1135,옴니시스템,"6,500",787:1,  057540,  2007.09.19
1136,연이정보통신,"4,000",257:1,  090740,  2007.09.19
1137,푸른기술,"12,500",989:1,  094940,  2007.09.14
1138,웨이브일렉트로닉스,"10,000",526:1,  095270,  2007.09.12
1139,넥스지,"9,600",386:1,  081970,  2007.08.20
1140,빅솔론,"10,000",841:1,  093190,  2007.08.20
1141,3노드디지탈,"2,500",407:1,  900010,  2007.08.17
1142,에스엔케이폴리텍,"8,900",305:1,  091340,  2007.07.30
1143,아구스,"14,500",479:1,  078670,  2007.07.27
1144,아로마소프트,"8,200",837:1,  072770,  2007.07.25
1145,바로비젼,"8,900",209.6:1,  094480,  2007.07.20
1146,에코프로,"9,000",874.5:1,  086520,  2007.07.20
1147,메모리앤테스팅,"8,000",1134:1,  065150,  2007.07.18
1148,컴투스,"12,000",846.8:1,  078340,  2007.07.06
1149,디지텍시스템스,"21,000",128.61:1,  091690,  2007.07.04
1150,삼성카드,"48,000",103:1,  029780,  2007.06.27
1151,넥스트칩,"15,700",970.4:1,  092600,  2007.06.26
1152,엔텔스,"10,000",1078.2:1,  069410,  2007.06.20
1153,풍강,"3,700",826.64:1,  093380,  2007.06.01
1154,케이프,"18,000",591.2:1,  064820,  2007.05.29
1155,동국제약,"14,000",545.73:1,  086450,  2007.05.29
1156,상신이디피,"7,000",587.08:1,  091580,  2007.05.23
1157,한라레벨,"8,600",602.61:1,  092460,  2007.05.22
1158,잘만테크,"14,000",544.48:1,  090120,  2007.05.22
1159,에버테크노,"5,200",456.95:1,  070480,  2007.05.22
1160,에프알텍,"3,300",888:1,  073540,  2007.05.18
1161,이엠텍,"7,100",700.5:1,  091120,  2007.05.02
1162,이트레이드증권,"6,500",1095.93 : 1,  078020,  2007.02.21
1163,오스템임플란트,"15,000",233.80 : 1,  048260,  2007.02.07
1164,나노캠텍,"7,000",1113.83 : 1,  091970,  2007.01.30
1165,네오팜,"8,000",524.61 : 1,  092730,  2007.01.30
1166,비에이치,"4,600",278.56 : 1,  090460,  2007.01.26
1167,켐트로닉스,"9,500",143.19 : 1,  089010,  2006.01.17
1168,오스코텍,"9,000",605.94 : 1,  039200,  2006.01.17
1169,젯텍,"7,000",402.02 : 1,  090470,  2007.01.10
1170,동아엘텍,"6,000",746.55 : 1,  088130,  2007.01.03
1171,아비스타,"11,100",389.19 : 1,  090370,  2006.12.26
1172,신양엔지니어링,"9,100",737.12 : 1,  086830,  2006.12.27
1173,디앤티,"6,200",624.68 : 1,  089240,  2006.12.22
1174,펜타마이크로,"10,200",541.83 : 1,  088020,  2006.12.19
1175,휴온스,"9,300",1171.1 : 1,  084110,  2006.12.19
1176,한국컴퓨터,"23,500",708.09 : 1,  089150,  2006.12.13
1177,파트론,"8,300",1071.3 : 1,  091700,  2006.12.13
1178,유니테스트,"22,000",659.01 : 1,  086390,  2006.12.05
1179,다사테크,"12,000",1416.29 : 1,  090710,  2006.12.05
1180,에스에이티,"5,200",965.69:1,  060540,  2006.11.28
1181,큐에스아이,"6,800",882.1:1,  066310,  2006.11.24
1182,크레듀,"24,000",710.8:1,  067280,  2006.11.16
1183,주연테크,"6,400",533.25:1,  044380,  2006.11.15
1184,화신테크,"2,700",661.87:1,  086250,  2006.11.10
1185,성창에어텍,"3,400",611.74:1,  080470,  2006.11.03
1186,인천도시가스,"19,000",557.93:1,  034590,  2006.11.07
1187,고려반도체시스템,"5,500",409.69:1,  089890,  2006.11.08
1188,넥스턴,"4,100",485.67:1,  089140,  2006.11.01
1189,제이티,"2,700",621.81:1,  089790,  2006.10.27
1190,이녹스,"6,500",514.2:1,  088390,  2006.10.20
1191,광진윈텍,"2,600",903.07:1,  090150,  2006.10.20
1192,삼정펄프,"29,000",610.31:1,  009770,  2006.10.17
1193,용현비엠,"9,000",896.38:1,  089230,  2006.10.10
1194,바텍,"6,700",481.62:1,  043150,  2006.09.28
1195,엠디에스테크놀로지,"13,000",341.19:1,  086960,  2006.09.26
1196,현대EP,"18,500",712.86:1,  089470,  2006.09.25
1197,평산,"15,500",262 : 1,  089480,  2006.08.22
1198,엘씨텍,"1,500",896.95 : 1,  038060,  2006.08.08
1199,지오텔,"9,800",30 : 1,  074140,  2006.08.01
1200,트라이콤,"4,800",10.57 : 1,  038410,  2006.07.25
1201,젠트로,"2,200",348.68 : 1,  083660,  2006.07.25
1202,엑스씨이,"7,500",4.71 : 1,  081500,  2006.07.21
1203,티엘아이,"11,400",407.16 : 1,  062860,  2006.07.25
1204,한국전자금융,"20,500",631 : 1,  063570,  2006.07.14
1205,미디어플렉스,"24,000",177.3 : 1,  086980,  2006.07.07
1206,화풍방직국제집단유한공사,0,,  900768, 
1207,팬엔터테인먼트,"7,000",317.52 : 1,  068050,  2006.07.07
1208,맥스엔지니어링,"2,900",84.53 : 1,  085370,  2006.07.04
1209,사이버패스,"5,200",16.36 : 1,  063280,  2006.07.04
1210,온미디어,"5,200",230.29 : 1,  045710, 
1211,인포뱅크,"4,600",34.02 : 1,  039290,  2006.07.04
1212,에이치앤티,"6,800",4.42 : 1,  088960, 
1213,오엘케이,"4,000",280.55 : 1,  084810, 
1214,포인트아이,"7,300",74.84 : 1,  078860, 
1215,동우,"3,000",4.81 : 1,  088910, 
1216,제이브이엠,"17,000",55.91: 1,  054950, 
1217,롯데관광개발,"18,000",551.09 : 1,  032350, 
1218,씨앤비텍,"5,600",98.14 : 1,  086200, 
1219,엔트로피,"8,500",588.95 : 1,  085990, 
1220,팅크웨어,"10,000",691.3 : 1,  084730, 
1221,진바이오텍,"5,000",1012.73 : 1,  086060, 
1222,애강,"2,800",835.64 : 1,  022220, 
1223,미래에셋증권,"48,000",293.5 : 1,  037620, 
1224,롯데쇼핑,"400,000",77.04 : 1,  900236, 
1225,엠비즈네트웍스글로벌,"15,000",596.73 : 1,  068760, 
1226,글로벌스탠다드테크놀로지,"5,800",683.26 : 1,  083450, 
1227,제우스,"13,500",291.13 : 1,  079370, 
1228,모건코리아,"1,600",765.11 : 1,  019990, 
1229,모빌탑,"12,400",902.88 : 1,  085680, 
1230,오늘과내일,"4,100",490.17 : 1,  046110, 
1231,유진테크,"7,800",758.11 : 1,  900204, 
1232,뉴프렉스,"7,100",1059.1 : 1,  085670, 
1233,크리스탈지노믹스,"18,000",700.52 : 1,  083790, 
1234,바이로메드,"15,000",430.79 : 1,  084990, 
1235,바이오니아,"11,000",287.38 : 1,  064550, 
1236,글로비스,"21,300",150.14 : 1,  900231, 
1237,윈포넷,"8,600",233.1 : 1,  083640, 
1238,드림씨티방송,0,,  040990, 
1239,와이엔텍,"2,700",261.52 : 1,  067900, 
1240,모젬,"17,000",161.05 : 1,  079560, 
1241,디오스텍,"6,200",591.10 : 1,  085660, 
1242,대봉엘에스,"4,200",353.30 : 1,  078140, 
1243,더베이직하우스,11,356.38 : 1,  084870, 
1244,우진ACT,8,429.56 : 1,  083550, 
1245,수성,3,367.57 : 1,  084180, 
1246,엠피씨,"4,300",1193.86 : 1,  050540, 
1247,제일연마공업,"5,300",508.28 : 1,  001560, 
1248,이노칩테크놀로지,"14,500",617.68 : 1,  080420, 
1249,범우이엔지,"15,200",527.38 : 1,  083650, 
1250,화우테크놀러지,"3,700",653.37 : 1,  045890, 
1251,아이디에스,"13,500",225.75 : 1,  078780, 
1252,이엠따블유안테나,"11,000",705.65 : 1,  079190, 
1253,리바트,11,551.50 : 1,  079430, 
1254,자연과환경,"3,700",379.96 : 1,  043910, 
1255,루미마이크로,6,478.14 : 1,  082800, 
1256,와토스코리아,7,457.2 : 1,  079000, 
1257,아이피에스,9,418.68 : 1,  051820, 
1258,대한제강,17,243.5 : 1,  084010, 
1259,인프라웨어,7,547.94 : 1,  041020, 
1260,성일텔레콤,3,413.30 : 1,  068630, 
1261,두올산업,1,510.19 : 1,  078590, 
1262,서린바이오사이언스,10,1044.68 : 1,  038070, 
1263,가비아,5,503.29 : 1,  079940, 
1264,그린소프트켐,11,416.17 : 1,  083420, 
1265,에스에스씨피,7,417.05 : 1,  071660, 
1266,덕산하이메탈,9,318.1 : 1,  077360, 
1267,아바코,"5,700",533.72 : 1,  083930, 
1268,하나마이크론,7,435.50 : 1,  067310, 
1269,이상네트웍스,"9,500",527 : 1,  080010, 
1270,엘오티베큠,"7,700",476.78 : 1,  083310, 
1271,참테크,"9,700",362.36 : 1,  082660, 
1272,실리샌드,"4,500",273.47 : 1,  067850, 
1273,테스텍,"1,260",,  048510, 
1274,금호타이어,13,,  073240, 
1275,에이블씨엔씨,20,722 : 1,  078520, 
1276,이노와이어리스,13,479 : 1,  073490, 
1277,에이디피엔지니어링,10,550 : 1,  079950, 
1278,이엠엘에스아이,18,395.09:1,  080220, 
1279,동양계전공업,7,301 : 1,  079960, 
1280,한창산업,2,218 : 1,  079170, 
1281,디이엔티,4,529:1,  079810, 
1282,에스엔유프리시젼,27,631.18:1,  080000, 
1283,인터넷엠비씨,3,516.03:1,  052220, 
1284,서산,12,161.5 : 1,  079650, 
1285,인프라밸리,8,404:1,  073130, 
1286,비아이이엠티,3,455.68:1,  052900, 
1287,손오공,"9,300",,  066910, 
1288,아이크래프트,6,,  052460, 
1289,메가스터디,18,254.03:1,  072870, 
1290,대주전자재료,3,120:1,  078600, 
1291,모빌리언스,4,91:1,  046440, 
1292,텔레칩스,4,325:1,  054450, 
1293,넥스트인스트루먼트,2,63:1,  078150, 
1294,유니드,14,95.5:1,  014830, 
1295,화인에이티씨,2,,  067990, 
1296,토비스,2,7.17:1,  051360, 
1297,한서제약,1,,  044070, 
1298,케이이엔지,2,,  077960, 
1299,모코코,2,,  058900, 
1300,신지소프트,9,,  078700, 
1301,디지탈디바이스,3,,  061140, 
1302,태양기전,14,241.25:1,  072520, 
1303,국일제지,15,251:1,  078130, 
1304,디엠에스,28,192:1,  068790, 
1305,코아로직,23,0.84 : 1,  048870, 
1306,신성델타테크,1,,  065350, 
1307,유니퀘스트,4,,  900015, 
1308,한국경제티브이,10,152.33 : 1,  039340, 
1309,동아에스텍,1,23.34 : 1,  058730, 
1310,LG필립스엘시디,34,7.23 : 1,  034220, 
1311,다날,8,68.25 : 1,  064260, 
1312,텔코웨어,12,45.72 : 1,  078000, 
1313,아이레보,6,,  072430, 
1314,레인콤,47,,  060570, 
1315,비트윈,4,,  066410, 
